"validfrom (UTC)","validto (UTC)",point,type,granularity,timezone,activity,classification,"capacity (kW)","volume (kWh)",percentage,"emission (kg CO2)","emissionfactor (kg CO2/kWh)"
"2025-12-31 23:00:00","2026-01-01 00:00:00",Nederland,Solar,Hour,UTC,Providing,Current,0,0,0,0,0
"2026-01-01 00:00:00","2026-01-01 01:00:00",Nederland,Solar,Hour,UTC,Providing,Current,0,0,0,0,0
"2026-01-01 01:00:00","2026-01-01 02:00:00",Nederland,Solar,Hour,UTC,Providing,Current,0,0,0,0,0
"2026-01-01 02:00:00","2026-01-01 03:00:00",Nederland,Solar,Hour,UTC,Providing,Current,0,0,0,0,0
"2026-01-01 03:00:00","2026-01-01 04:00:00",Nederland,Solar,Hour,UTC,Providing,Current,0,0,0,0,0
"2026-01-01 04:00:00","2026-01-01 05:00:00",Nederland,Solar,Hour,UTC,Providing,Current,0,0,0,0,0
"2026-01-01 05:00:00","2026-01-01 06:00:00",Nederland,Solar,Hour,UTC,Providing,Current,0,0,0,0,0
"2026-01-01 06:00:00","2026-01-01 07:00:00",Nederland,Solar,Hour,UTC,Providing,Current,0,0,0,0,0
"2026-01-01 07:00:00","2026-01-01 08:00:00",Nederland,Solar,Hour,UTC,Providing,Current,0,0,0,0,0
"2026-01-01 08:00:00","2026-01-01 09:00:00",Nederland,Solar,Hour,UTC,Providing,Current,18874,18874,0.0007718424894847,0,0
"2026-01-01 09:00:00","2026-01-01 10:00:00",Nederland,Solar,Hour,UTC,Providing,Current,230393,230393,0.0094217797741294,0,0
"2026-01-01 10:00:00","2026-01-01 11:00:00",Nederland,Solar,Hour,UTC,Providing,Current,812530,812530,0.033227674663067,0,0
"2026-01-01 11:00:00","2026-01-01 12:00:00",Nederland,Solar,Hour,UTC,Providing,Current,1479134,1479134,0.060487575829029,0,0
"2026-01-01 12:00:00","2026-01-01 13:00:00",Nederland,Solar,Hour,UTC,Providing,Current,1373260,1373260,0.056157700717449,0,0
"2026-01-01 13:00:00","2026-01-01 14:00:00",Nederland,Solar,Hour,UTC,Providing,Current,1424972,1424972,0.058272074908018,0,0
"2026-01-01 14:00:00","2026-01-01 15:00:00",Nederland,Solar,Hour,UTC,Providing,Current,781203,781203,0.031945951282978,0,0
"2026-01-01 15:00:00","2026-01-01 16:00:00",Nederland,Solar,Hour,UTC,Providing,Current,64428,64428,0.0026346638333052,0,0
"2026-01-01 16:00:00","2026-01-01 17:00:00",Nederland,Solar,Hour,UTC,Providing,Current,0,0,0,0,0
"2026-01-01 17:00:00","2026-01-01 18:00:00",Nederland,Solar,Hour,UTC,Providing,Current,0,0,0,0,0
"2026-01-01 18:00:00","2026-01-01 19:00:00",Nederland,Solar,Hour,UTC,Providing,Current,0,0,0,0,0
"2026-01-01 19:00:00","2026-01-01 20:00:00",Nederland,Solar,Hour,UTC,Providing,Current,0,0,0,0,0
"2026-01-01 20:00:00","2026-01-01 21:00:00",Nederland,Solar,Hour,UTC,Providing,Current,0,0,0,0,0
"2026-01-01 21:00:00","2026-01-01 22:00:00",Nederland,Solar,Hour,UTC,Providing,Current,0,0,0,0,0
"2026-01-01 22:00:00","2026-01-01 23:00:00",Nederland,Solar,Hour,UTC,Providing,Current,0,0,0,0,0
"2026-01-01 23:00:00","2026-01-02 00:00:00",Nederland,Solar,Hour,UTC,Providing,Current,0,0,0,0,0
"2026-01-02 00:00:00","2026-01-02 01:00:00",Nederland,Solar,Hour,UTC,Providing,Current,0,0,0,0,0
"2026-01-02 01:00:00","2026-01-02 02:00:00",Nederland,Solar,Hour,UTC,Providing,Current,0,0,0,0,0
"2026-01-02 02:00:00","2026-01-02 03:00:00",Nederland,Solar,Hour,UTC,Providing,Current,0,0,0,0,0
"2026-01-02 03:00:00","2026-01-02 04:00:00",Nederland,Solar,Hour,UTC,Providing,Current,0,0,0,0,0
"2026-01-02 04:00:00","2026-01-02 05:00:00",Nederland,Solar,Hour,UTC,Providing,Current,0,0,0,0,0
"2026-01-02 05:00:00","2026-01-02 06:00:00",Nederland,Solar,Hour,UTC,Providing,Current,0,0,0,0,0
"2026-01-02 06:00:00","2026-01-02 07:00:00",Nederland,Solar,Hour,UTC,Providing,Current,0,0,0,0,0
"2026-01-02 07:00:00","2026-01-02 08:00:00",Nederland,Solar,Hour,UTC,Providing,Current,0,0,0,0,0
"2026-01-02 08:00:00","2026-01-02 09:00:00",Nederland,Solar,Hour,UTC,Providing,Current,301625,301625,0.012333281338215,0,0
"2026-01-02 09:00:00","2026-01-02 10:00:00",Nederland,Solar,Hour,UTC,Providing,Current,2146517,2146517,0.087769597768784,0,0
"2026-01-02 10:00:00","2026-01-02 11:00:00",Nederland,Solar,Hour,UTC,Providing,Current,3064199,3064199,0.12529225647449,0,0
"2026-01-02 11:00:00","2026-01-02 12:00:00",Nederland,Solar,Hour,UTC,Providing,Current,3473707,3473707,0.14203624427319,0,0
"2026-01-02 12:00:00","2026-01-02 13:00:00",Nederland,Solar,Hour,UTC,Providing,Current,2790032,2790032,0.11408074945211,0,0
"2026-01-02 13:00:00","2026-01-02 14:00:00",Nederland,Solar,Hour,UTC,Providing,Current,1673878,1673878,0.068442426621914,0,0
"2026-01-02 14:00:00","2026-01-02 15:00:00",Nederland,Solar,Hour,UTC,Providing,Current,1151057,1151057,0.047064751386642,0,0
"2026-01-02 15:00:00","2026-01-02 16:00:00",Nederland,Solar,Hour,UTC,Providing,Current,208910,208910,0.0085419435054064,0,0
"2026-01-02 16:00:00","2026-01-02 17:00:00",Nederland,Solar,Hour,UTC,Providing,Current,0,0,0,0,0
"2026-01-02 17:00:00","2026-01-02 18:00:00",Nederland,Solar,Hour,UTC,Providing,Current,0,0,0,0,0
"2026-01-02 18:00:00","2026-01-02 19:00:00",Nederland,Solar,Hour,UTC,Providing,Current,0,0,0,0,0
"2026-01-02 19:00:00","2026-01-02 20:00:00",Nederland,Solar,Hour,UTC,Providing,Current,0,0,0,0,0
"2026-01-02 20:00:00","2026-01-02 21:00:00",Nederland,Solar,Hour,UTC,Providing,Current,0,0,0,0,0
"2026-01-02 21:00:00","2026-01-02 22:00:00",Nederland,Solar,Hour,UTC,Providing,Current,0,0,0,0,0
"2026-01-02 22:00:00","2026-01-02 23:00:00",Nederland,Solar,Hour,UTC,Providing,Current,0,0,0,0,0
"2026-01-02 23:00:00","2026-01-03 00:00:00",Nederland,Solar,Hour,UTC,Providing,Current,0,0,0,0,0
"2026-01-03 00:00:00","2026-01-03 01:00:00",Nederland,Solar,Hour,UTC,Providing,Current,0,0,0,0,0
"2026-01-03 01:00:00","2026-01-03 02:00:00",Nederland,Solar,Hour,UTC,Providing,Current,0,0,0,0,0
"2026-01-03 02:00:00","2026-01-03 03:00:00",Nederland,Solar,Hour,UTC,Providing,Current,0,0,0,0,0
"2026-01-03 03:00:00","2026-01-03 04:00:00",Nederland,Solar,Hour,UTC,Providing,Current,0,0,0,0,0
"2026-01-03 04:00:00","2026-01-03 05:00:00",Nederland,Solar,Hour,UTC,Providing,Current,0,0,0,0,0
"2026-01-03 05:00:00","2026-01-03 06:00:00",Nederland,Solar,Hour,UTC,Providing,Current,0,0,0,0,0
"2026-01-03 06:00:00","2026-01-03 07:00:00",Nederland,Solar,Hour,UTC,Providing,Current,0,0,0,0,0
"2026-01-03 07:00:00","2026-01-03 08:00:00",Nederland,Solar,Hour,UTC,Providing,Current,0,0,0,0,0
"2026-01-03 08:00:00","2026-01-03 09:00:00",Nederland,Solar,Hour,UTC,Providing,Current,143417,143417,0.0058635375462472,0,0
"2026-01-03 09:00:00","2026-01-03 10:00:00",Nederland,Solar,Hour,UTC,Providing,Current,972650,972650,0.039766151458025,0,0
"2026-01-03 10:00:00","2026-01-03 11:00:00",Nederland,Solar,Hour,UTC,Providing,Current,2023887,2023887,0.082744874060154,0,0
"2026-01-03 11:00:00","2026-01-03 12:00:00",Nederland,Solar,Hour,UTC,Providing,Current,2830596,2830596,0.11572580039501,0,0
"2026-01-03 12:00:00","2026-01-03 13:00:00",Nederland,Solar,Hour,UTC,Providing,Current,3730361,3730361,0.1525107473135,0,0
"2026-01-03 13:00:00","2026-01-03 14:00:00",Nederland,Solar,Hour,UTC,Providing,Current,3792443,3792443,0.15504825115204,0,0
"2026-01-03 14:00:00","2026-01-03 15:00:00",Nederland,Solar,Hour,UTC,Providing,Current,3334139,3334139,0.13631050288677,0,0
"2026-01-03 15:00:00","2026-01-03 16:00:00",Nederland,Solar,Hour,UTC,Providing,Current,680693,680693,0.027828890830278,0,0
"2026-01-03 16:00:00","2026-01-03 17:00:00",Nederland,Solar,Hour,UTC,Providing,Current,0,0,0,0,0
"2026-01-03 17:00:00","2026-01-03 18:00:00",Nederland,Solar,Hour,UTC,Providing,Current,0,0,0,0,0
"2026-01-03 18:00:00","2026-01-03 19:00:00",Nederland,Solar,Hour,UTC,Providing,Current,0,0,0,0,0
"2026-01-03 19:00:00","2026-01-03 20:00:00",Nederland,Solar,Hour,UTC,Providing,Current,0,0,0,0,0
"2026-01-03 20:00:00","2026-01-03 21:00:00",Nederland,Solar,Hour,UTC,Providing,Current,0,0,0,0,0
"2026-01-03 21:00:00","2026-01-03 22:00:00",Nederland,Solar,Hour,UTC,Providing,Current,0,0,0,0,0
"2026-01-03 22:00:00","2026-01-03 23:00:00",Nederland,Solar,Hour,UTC,Providing,Current,0,0,0,0,0
"2026-01-03 23:00:00","2026-01-04 00:00:00",Nederland,Solar,Hour,UTC,Providing,Current,0,0,0,0,0
"2026-01-04 00:00:00","2026-01-04 01:00:00",Nederland,Solar,Hour,UTC,Providing,Current,0,0,0,0,0
"2026-01-04 01:00:00","2026-01-04 02:00:00",Nederland,Solar,Hour,UTC,Providing,Current,0,0,0,0,0
"2026-01-04 02:00:00","2026-01-04 03:00:00",Nederland,Solar,Hour,UTC,Providing,Current,0,0,0,0,0
"2026-01-04 03:00:00","2026-01-04 04:00:00",Nederland,Solar,Hour,UTC,Providing,Current,0,0,0,0,0
"2026-01-04 04:00:00","2026-01-04 05:00:00",Nederland,Solar,Hour,UTC,Providing,Current,0,0,0,0,0
"2026-01-04 05:00:00","2026-01-04 06:00:00",Nederland,Solar,Hour,UTC,Providing,Current,0,0,0,0,0
"2026-01-04 06:00:00","2026-01-04 07:00:00",Nederland,Solar,Hour,UTC,Providing,Current,0,0,0,0,0
"2026-01-04 07:00:00","2026-01-04 08:00:00",Nederland,Solar,Hour,UTC,Providing,Current,0,0,0,0,0
"2026-01-04 08:00:00","2026-01-04 09:00:00",Nederland,Solar,Hour,UTC,Providing,Current,296082,296082,0.012103703804314,0,0
"2026-01-04 09:00:00","2026-01-04 10:00:00",Nederland,Solar,Hour,UTC,Providing,Current,2357687,2357687,0.09638074785471,0,0
"2026-01-04 10:00:00","2026-01-04 11:00:00",Nederland,Solar,Hour,UTC,Providing,Current,4084745,4084745,0.16698099672794,0,0
"2026-01-04 11:00:00","2026-01-04 12:00:00",Nederland,Solar,Hour,UTC,Providing,Current,6022005,6022005,0.24617324769497,0,0
"2026-01-04 12:00:00","2026-01-04 13:00:00",Nederland,Solar,Hour,UTC,Providing,Current,6091280,6091280,0.24900375306606,0,0
"2026-01-04 13:00:00","2026-01-04 14:00:00",Nederland,Solar,Hour,UTC,Providing,Current,4388160,4388160,0.17938174307346,0,0
"2026-01-04 14:00:00","2026-01-04 15:00:00",Nederland,Solar,Hour,UTC,Providing,Current,3252831,3252831,0.13297000527382,0,0
"2026-01-04 15:00:00","2026-01-04 16:00:00",Nederland,Solar,Hour,UTC,Providing,Current,562140,562140,0.022979272529483,0,0
"2026-01-04 16:00:00","2026-01-04 17:00:00",Nederland,Solar,Hour,UTC,Providing,Current,918,918,3.752599877771E-5,0,0
"2026-01-04 17:00:00","2026-01-04 18:00:00",Nederland,Solar,Hour,UTC,Providing,Current,0,0,0,0,0
"2026-01-04 18:00:00","2026-01-04 19:00:00",Nederland,Solar,Hour,UTC,Providing,Current,0,0,0,0,0
"2026-01-04 19:00:00","2026-01-04 20:00:00",Nederland,Solar,Hour,UTC,Providing,Current,0,0,0,0,0
"2026-01-04 20:00:00","2026-01-04 21:00:00",Nederland,Solar,Hour,UTC,Providing,Current,0,0,0,0,0
"2026-01-04 21:00:00","2026-01-04 22:00:00",Nederland,Solar,Hour,UTC,Providing,Current,0,0,0,0,0
"2026-01-04 22:00:00","2026-01-04 23:00:00",Nederland,Solar,Hour,UTC,Providing,Current,0,0,0,0,0
"2026-01-04 23:00:00","2026-01-05 00:00:00",Nederland,Solar,Hour,UTC,Providing,Current,0,0,0,0,0
"2026-01-05 00:00:00","2026-01-05 01:00:00",Nederland,Solar,Hour,UTC,Providing,Current,0,0,0,0,0
"2026-01-05 01:00:00","2026-01-05 02:00:00",Nederland,Solar,Hour,UTC,Providing,Current,0,0,0,0,0
"2026-01-05 02:00:00","2026-01-05 03:00:00",Nederland,Solar,Hour,UTC,Providing,Current,0,0,0,0,0
"2026-01-05 03:00:00","2026-01-05 04:00:00",Nederland,Solar,Hour,UTC,Providing,Current,0,0,0,0,0
"2026-01-05 04:00:00","2026-01-05 05:00:00",Nederland,Solar,Hour,UTC,Providing,Current,0,0,0,0,0
"2026-01-05 05:00:00","2026-01-05 06:00:00",Nederland,Solar,Hour,UTC,Providing,Current,0,0,0,0,0
"2026-01-05 06:00:00","2026-01-05 07:00:00",Nederland,Solar,Hour,UTC,Providing,Current,0,0,0,0,0
"2026-01-05 07:00:00","2026-01-05 08:00:00",Nederland,Solar,Hour,UTC,Providing,Current,0,0,0,0,0
"2026-01-05 08:00:00","2026-01-05 09:00:00",Nederland,Solar,Hour,UTC,Providing,Current,292671,292671,0.011962794698775,0,0
"2026-01-05 09:00:00","2026-01-05 10:00:00",Nederland,Solar,Hour,UTC,Providing,Current,1705676,1705676,0.069718427956104,0,0
"2026-01-05 10:00:00","2026-01-05 11:00:00",Nederland,Solar,Hour,UTC,Providing,Current,3205482,3205482,0.13102149963379,0,0
"2026-01-05 11:00:00","2026-01-05 12:00:00",Nederland,Solar,Hour,UTC,Providing,Current,3327871,3327871,0.13602350652218,0,0
"2026-01-05 12:00:00","2026-01-05 13:00:00",Nederland,Solar,Hour,UTC,Providing,Current,3613899,3613899,0.14771349728107,0,0
"2026-01-05 13:00:00","2026-01-05 14:00:00",Nederland,Solar,Hour,UTC,Providing,Current,3300943,3300943,0.13492125272751,0,0
"2026-01-05 14:00:00","2026-01-05 15:00:00",Nederland,Solar,Hour,UTC,Providing,Current,2259979,2259979,0.092372871935368,0,0
"2026-01-05 15:00:00","2026-01-05 16:00:00",Nederland,Solar,Hour,UTC,Providing,Current,377774,377774,0.01544083468616,0,0
"2026-01-05 16:00:00","2026-01-05 17:00:00",Nederland,Solar,Hour,UTC,Providing,Current,1438,1438,5.8775498473551E-5,0,0
"2026-01-05 17:00:00","2026-01-05 18:00:00",Nederland,Solar,Hour,UTC,Providing,Current,0,0,0,0,0
"2026-01-05 18:00:00","2026-01-05 19:00:00",Nederland,Solar,Hour,UTC,Providing,Current,0,0,0,0,0
"2026-01-05 19:00:00","2026-01-05 20:00:00",Nederland,Solar,Hour,UTC,Providing,Current,0,0,0,0,0
"2026-01-05 20:00:00","2026-01-05 21:00:00",Nederland,Solar,Hour,UTC,Providing,Current,0,0,0,0,0
"2026-01-05 21:00:00","2026-01-05 22:00:00",Nederland,Solar,Hour,UTC,Providing,Current,0,0,0,0,0
"2026-01-05 22:00:00","2026-01-05 23:00:00",Nederland,Solar,Hour,UTC,Providing,Current,0,0,0,0,0
"2026-01-05 23:00:00","2026-01-06 00:00:00",Nederland,Solar,Hour,UTC,Providing,Current,0,0,0,0,0
"2026-01-06 00:00:00","2026-01-06 01:00:00",Nederland,Solar,Hour,UTC,Providing,Current,0,0,0,0,0
"2026-01-06 01:00:00","2026-01-06 02:00:00",Nederland,Solar,Hour,UTC,Providing,Current,0,0,0,0,0
"2026-01-06 02:00:00","2026-01-06 03:00:00",Nederland,Solar,Hour,UTC,Providing,Current,0,0,0,0,0
"2026-01-06 03:00:00","2026-01-06 04:00:00",Nederland,Solar,Hour,UTC,Providing,Current,0,0,0,0,0
"2026-01-06 04:00:00","2026-01-06 05:00:00",Nederland,Solar,Hour,UTC,Providing,Current,0,0,0,0,0
"2026-01-06 05:00:00","2026-01-06 06:00:00",Nederland,Solar,Hour,UTC,Providing,Current,0,0,0,0,0
"2026-01-06 06:00:00","2026-01-06 07:00:00",Nederland,Solar,Hour,UTC,Providing,Current,0,0,0,0,0
"2026-01-06 07:00:00","2026-01-06 08:00:00",Nederland,Solar,Hour,UTC,Providing,Current,295,295,1.2056574632879E-5,0,0
"2026-01-06 08:00:00","2026-01-06 09:00:00",Nederland,Solar,Hour,UTC,Providing,Current,629579,629579,0.025730622932315,0,0
"2026-01-06 09:00:00","2026-01-06 10:00:00",Nederland,Solar,Hour,UTC,Providing,Current,2915004,2915004,0.11913455277681,0,0
"2026-01-06 10:00:00","2026-01-06 11:00:00",Nederland,Solar,Hour,UTC,Providing,Current,4640625,4640625,0.18965849280357,0,0
"2026-01-06 11:00:00","2026-01-06 12:00:00",Nederland,Solar,Hour,UTC,Providing,Current,6962073,6962073,0.28453275561333,0,0
"2026-01-06 12:00:00","2026-01-06 13:00:00",Nederland,Solar,Hour,UTC,Providing,Current,6831099,6831099,0.27917873859406,0,0
"2026-01-06 13:00:00","2026-01-06 14:00:00",Nederland,Solar,Hour,UTC,Providing,Current,6165297,6165297,0.25196701288223,0,0
"2026-01-06 14:00:00","2026-01-06 15:00:00",Nederland,Solar,Hour,UTC,Providing,Current,4274706,4274706,0.17470024526119,0,0
"2026-01-06 15:00:00","2026-01-06 16:00:00",Nederland,Solar,Hour,UTC,Providing,Current,1013355,1013355,0.04141391813755,0,0
"2026-01-06 16:00:00","2026-01-06 17:00:00",Nederland,Solar,Hour,UTC,Providing,Current,0,0,0,0,0
"2026-01-06 17:00:00","2026-01-06 18:00:00",Nederland,Solar,Hour,UTC,Providing,Current,0,0,0,0,0
"2026-01-06 18:00:00","2026-01-06 19:00:00",Nederland,Solar,Hour,UTC,Providing,Current,0,0,0,0,0
"2026-01-06 19:00:00","2026-01-06 20:00:00",Nederland,Solar,Hour,UTC,Providing,Current,0,0,0,0,0
"2026-01-06 20:00:00","2026-01-06 21:00:00",Nederland,Solar,Hour,UTC,Providing,Current,0,0,0,0,0
"2026-01-06 21:00:00","2026-01-06 22:00:00",Nederland,Solar,Hour,UTC,Providing,Current,0,0,0,0,0
"2026-01-06 22:00:00","2026-01-06 23:00:00",Nederland,Solar,Hour,UTC,Providing,Current,0,0,0,0,0
"2026-01-06 23:00:00","2026-01-07 00:00:00",Nederland,Solar,Hour,UTC,Providing,Current,0,0,0,0,0
"2026-01-07 00:00:00","2026-01-07 01:00:00",Nederland,Solar,Hour,UTC,Providing,Current,0,0,0,0,0
"2026-01-07 01:00:00","2026-01-07 02:00:00",Nederland,Solar,Hour,UTC,Providing,Current,0,0,0,0,0
"2026-01-07 02:00:00","2026-01-07 03:00:00",Nederland,Solar,Hour,UTC,Providing,Current,0,0,0,0,0
"2026-01-07 03:00:00","2026-01-07 04:00:00",Nederland,Solar,Hour,UTC,Providing,Current,0,0,0,0,0
"2026-01-07 04:00:00","2026-01-07 05:00:00",Nederland,Solar,Hour,UTC,Providing,Current,0,0,0,0,0
"2026-01-07 05:00:00","2026-01-07 06:00:00",Nederland,Solar,Hour,UTC,Providing,Current,0,0,0,0,0
"2026-01-07 06:00:00","2026-01-07 07:00:00",Nederland,Solar,Hour,UTC,Providing,Current,0,0,0,0,0
"2026-01-07 07:00:00","2026-01-07 08:00:00",Nederland,Solar,Hour,UTC,Providing,Current,1203,1203,4.916025136481E-5,0,0
"2026-01-07 08:00:00","2026-01-07 09:00:00",Nederland,Solar,Hour,UTC,Providing,Current,155208,155208,0.0063425139524043,0,0
"2026-01-07 09:00:00","2026-01-07 10:00:00",Nederland,Solar,Hour,UTC,Providing,Current,697991,697991,0.028522975742817,0,0
"2026-01-07 10:00:00","2026-01-07 11:00:00",Nederland,Solar,Hour,UTC,Providing,Current,1276726,1276726,0.052172400057316,0,0
"2026-01-07 11:00:00","2026-01-07 12:00:00",Nederland,Solar,Hour,UTC,Providing,Current,1718979,1718979,0.07024434953928,0,0
"2026-01-07 12:00:00","2026-01-07 13:00:00",Nederland,Solar,Hour,UTC,Providing,Current,1784390,1784390,0.072916947305202,0,0
"2026-01-07 13:00:00","2026-01-07 14:00:00",Nederland,Solar,Hour,UTC,Providing,Current,1728918,1728918,0.070649825036526,0,0
"2026-01-07 14:00:00","2026-01-07 15:00:00",Nederland,Solar,Hour,UTC,Providing,Current,919164,919164,0.037560150027275,0,0
"2026-01-07 15:00:00","2026-01-07 16:00:00",Nederland,Solar,Hour,UTC,Providing,Current,174051,174051,0.0071122874505818,0,0
"2026-01-07 16:00:00","2026-01-07 17:00:00",Nederland,Solar,Hour,UTC,Providing,Current,0,0,0,0,0
"2026-01-07 17:00:00","2026-01-07 18:00:00",Nederland,Solar,Hour,UTC,Providing,Current,0,0,0,0,0
"2026-01-07 18:00:00","2026-01-07 19:00:00",Nederland,Solar,Hour,UTC,Providing,Current,0,0,0,0,0
"2026-01-07 19:00:00","2026-01-07 20:00:00",Nederland,Solar,Hour,UTC,Providing,Current,0,0,0,0,0
"2026-01-07 20:00:00","2026-01-07 21:00:00",Nederland,Solar,Hour,UTC,Providing,Current,0,0,0,0,0
"2026-01-07 21:00:00","2026-01-07 22:00:00",Nederland,Solar,Hour,UTC,Providing,Current,0,0,0,0,0
"2026-01-07 22:00:00","2026-01-07 23:00:00",Nederland,Solar,Hour,UTC,Providing,Current,0,0,0,0,0
"2026-01-07 23:00:00","2026-01-08 00:00:00",Nederland,Solar,Hour,UTC,Providing,Current,0,0,0,0,0
"2026-01-08 00:00:00","2026-01-08 01:00:00",Nederland,Solar,Hour,UTC,Providing,Current,0,0,0,0,0
"2026-01-08 01:00:00","2026-01-08 02:00:00",Nederland,Solar,Hour,UTC,Providing,Current,0,0,0,0,0
"2026-01-08 02:00:00","2026-01-08 03:00:00",Nederland,Solar,Hour,UTC,Providing,Current,0,0,0,0,0
"2026-01-08 03:00:00","2026-01-08 04:00:00",Nederland,Solar,Hour,UTC,Providing,Current,0,0,0,0,0
"2026-01-08 04:00:00","2026-01-08 05:00:00",Nederland,Solar,Hour,UTC,Providing,Current,0,0,0,0,0
"2026-01-08 05:00:00","2026-01-08 06:00:00",Nederland,Solar,Hour,UTC,Providing,Current,0,0,0,0,0
"2026-01-08 06:00:00","2026-01-08 07:00:00",Nederland,Solar,Hour,UTC,Providing,Current,0,0,0,0,0
"2026-01-08 07:00:00","2026-01-08 08:00:00",Nederland,Solar,Hour,UTC,Providing,Current,0,0,0,0,0
"2026-01-08 08:00:00","2026-01-08 09:00:00",Nederland,Solar,Hour,UTC,Providing,Current,289492,289492,0.011828538030386,0,0
"2026-01-08 09:00:00","2026-01-08 10:00:00",Nederland,Solar,Hour,UTC,Providing,Current,1504801,1504801,0.061485324054956,0,0
"2026-01-08 10:00:00","2026-01-08 11:00:00",Nederland,Solar,Hour,UTC,Providing,Current,3163267,3163267,0.1292484998703,0,0
"2026-01-08 11:00:00","2026-01-08 12:00:00",Nederland,Solar,Hour,UTC,Providing,Current,4366806,4366806,0.17842349410057,0,0
"2026-01-08 12:00:00","2026-01-08 13:00:00",Nederland,Solar,Hour,UTC,Providing,Current,3714735,3714735,0.15177975594997,0,0
"2026-01-08 13:00:00","2026-01-08 14:00:00",Nederland,Solar,Hour,UTC,Providing,Current,2509311,2509311,0.10252700001001,0,0
"2026-01-08 14:00:00","2026-01-08 15:00:00",Nederland,Solar,Hour,UTC,Providing,Current,1283532,1283532,0.052443075925112,0,0
"2026-01-08 15:00:00","2026-01-08 16:00:00",Nederland,Solar,Hour,UTC,Providing,Current,238301,238301,0.0097365537658334,0,0
"2026-01-08 16:00:00","2026-01-08 17:00:00",Nederland,Solar,Hour,UTC,Providing,Current,0,0,0,0,0
"2026-01-08 17:00:00","2026-01-08 18:00:00",Nederland,Solar,Hour,UTC,Providing,Current,0,0,0,0,0
"2026-01-08 18:00:00","2026-01-08 19:00:00",Nederland,Solar,Hour,UTC,Providing,Current,0,0,0,0,0
"2026-01-08 19:00:00","2026-01-08 20:00:00",Nederland,Solar,Hour,UTC,Providing,Current,0,0,0,0,0
"2026-01-08 20:00:00","2026-01-08 21:00:00",Nederland,Solar,Hour,UTC,Providing,Current,0,0,0,0,0
"2026-01-08 21:00:00","2026-01-08 22:00:00",Nederland,Solar,Hour,UTC,Providing,Current,0,0,0,0,0
"2026-01-08 22:00:00","2026-01-08 23:00:00",Nederland,Solar,Hour,UTC,Providing,Current,0,0,0,0,0
"2026-01-08 23:00:00","2026-01-09 00:00:00",Nederland,Solar,Hour,UTC,Providing,Current,0,0,0,0,0
"2026-01-09 00:00:00","2026-01-09 01:00:00",Nederland,Solar,Hour,UTC,Providing,Current,0,0,0,0,0
"2026-01-09 01:00:00","2026-01-09 02:00:00",Nederland,Solar,Hour,UTC,Providing,Current,0,0,0,0,0
"2026-01-09 02:00:00","2026-01-09 03:00:00",Nederland,Solar,Hour,UTC,Providing,Current,0,0,0,0,0
"2026-01-09 03:00:00","2026-01-09 04:00:00",Nederland,Solar,Hour,UTC,Providing,Current,0,0,0,0,0
"2026-01-09 04:00:00","2026-01-09 05:00:00",Nederland,Solar,Hour,UTC,Providing,Current,0,0,0,0,0
"2026-01-09 05:00:00","2026-01-09 06:00:00",Nederland,Solar,Hour,UTC,Providing,Current,0,0,0,0,0
"2026-01-09 06:00:00","2026-01-09 07:00:00",Nederland,Solar,Hour,UTC,Providing,Current,0,0,0,0,0
"2026-01-09 07:00:00","2026-01-09 08:00:00",Nederland,Solar,Hour,UTC,Providing,Current,0,0,0,0,0
"2026-01-09 08:00:00","2026-01-09 09:00:00",Nederland,Solar,Hour,UTC,Providing,Current,102487,102487,0.0041870698332787,0,0
"2026-01-09 09:00:00","2026-01-09 10:00:00",Nederland,Solar,Hour,UTC,Providing,Current,759464,759464,0.031027475371957,0,0
"2026-01-09 10:00:00","2026-01-09 11:00:00",Nederland,Solar,Hour,UTC,Providing,Current,1259624,1259624,0.05146099999547,0,0
"2026-01-09 11:00:00","2026-01-09 12:00:00",Nederland,Solar,Hour,UTC,Providing,Current,1669054,1669054,0.068187601864338,0,0
"2026-01-09 12:00:00","2026-01-09 13:00:00",Nederland,Solar,Hour,UTC,Providing,Current,1430243,1430243,0.058430925011635,0,0
"2026-01-09 13:00:00","2026-01-09 14:00:00",Nederland,Solar,Hour,UTC,Providing,Current,1063802,1063802,0.043460175395012,0,0
"2026-01-09 14:00:00","2026-01-09 15:00:00",Nederland,Solar,Hour,UTC,Providing,Current,552188,552188,0.022558774799109,0,0
"2026-01-09 15:00:00","2026-01-09 16:00:00",Nederland,Solar,Hour,UTC,Providing,Current,95301,95301,0.0038933563046157,0,0
"2026-01-09 16:00:00","2026-01-09 17:00:00",Nederland,Solar,Hour,UTC,Providing,Current,0,0,0,0,0
"2026-01-09 17:00:00","2026-01-09 18:00:00",Nederland,Solar,Hour,UTC,Providing,Current,0,0,0,0,0
"2026-01-09 18:00:00","2026-01-09 19:00:00",Nederland,Solar,Hour,UTC,Providing,Current,0,0,0,0,0
"2026-01-09 19:00:00","2026-01-09 20:00:00",Nederland,Solar,Hour,UTC,Providing,Current,0,0,0,0,0
"2026-01-09 20:00:00","2026-01-09 21:00:00",Nederland,Solar,Hour,UTC,Providing,Current,0,0,0,0,0
"2026-01-09 21:00:00","2026-01-09 22:00:00",Nederland,Solar,Hour,UTC,Providing,Current,0,0,0,0,0
"2026-01-09 22:00:00","2026-01-09 23:00:00",Nederland,Solar,Hour,UTC,Providing,Current,0,0,0,0,0
"2026-01-09 23:00:00","2026-01-10 00:00:00",Nederland,Solar,Hour,UTC,Providing,Current,0,0,0,0,0
"2026-01-10 00:00:00","2026-01-10 01:00:00",Nederland,Solar,Hour,UTC,Providing,Current,0,0,0,0,0
"2026-01-10 01:00:00","2026-01-10 02:00:00",Nederland,Solar,Hour,UTC,Providing,Current,0,0,0,0,0
"2026-01-10 02:00:00","2026-01-10 03:00:00",Nederland,Solar,Hour,UTC,Providing,Current,0,0,0,0,0
"2026-01-10 03:00:00","2026-01-10 04:00:00",Nederland,Solar,Hour,UTC,Providing,Current,0,0,0,0,0
"2026-01-10 04:00:00","2026-01-10 05:00:00",Nederland,Solar,Hour,UTC,Providing,Current,0,0,0,0,0
"2026-01-10 05:00:00","2026-01-10 06:00:00",Nederland,Solar,Hour,UTC,Providing,Current,0,0,0,0,0
"2026-01-10 06:00:00","2026-01-10 07:00:00",Nederland,Solar,Hour,UTC,Providing,Current,0,0,0,0,0
"2026-01-10 07:00:00","2026-01-10 08:00:00",Nederland,Solar,Hour,UTC,Providing,Current,0,0,0,0,0
"2026-01-10 08:00:00","2026-01-10 09:00:00",Nederland,Solar,Hour,UTC,Providing,Current,268352,268352,0.010962098836899,0,0
"2026-01-10 09:00:00","2026-01-10 10:00:00",Nederland,Solar,Hour,UTC,Providing,Current,1467200,1467200,0.059934325516224,0,0
"2026-01-10 10:00:00","2026-01-10 11:00:00",Nederland,Solar,Hour,UTC,Providing,Current,3209318,3209318,0.1310982555151,0,0
"2026-01-10 11:00:00","2026-01-10 12:00:00",Nederland,Solar,Hour,UTC,Providing,Current,4317866,4317866,0.17638075351715,0,0
"2026-01-10 12:00:00","2026-01-10 13:00:00",Nederland,Solar,Hour,UTC,Providing,Current,4936586,4936586,0.20165400207043,0,0
"2026-01-10 13:00:00","2026-01-10 14:00:00",Nederland,Solar,Hour,UTC,Providing,Current,4204258,4204258,0.17173825204372,0,0
"2026-01-10 14:00:00","2026-01-10 15:00:00",Nederland,Solar,Hour,UTC,Providing,Current,2181132,2181132,0.089095950126648,0,0
"2026-01-10 15:00:00","2026-01-10 16:00:00",Nederland,Solar,Hour,UTC,Providing,Current,502903,502903,0.020542716607451,0,0
"2026-01-10 16:00:00","2026-01-10 17:00:00",Nederland,Solar,Hour,UTC,Providing,Current,0,0,0,0,0
"2026-01-10 17:00:00","2026-01-10 18:00:00",Nederland,Solar,Hour,UTC,Providing,Current,0,0,0,0,0
"2026-01-10 18:00:00","2026-01-10 19:00:00",Nederland,Solar,Hour,UTC,Providing,Current,0,0,0,0,0
"2026-01-10 19:00:00","2026-01-10 20:00:00",Nederland,Solar,Hour,UTC,Providing,Current,0,0,0,0,0
"2026-01-10 20:00:00","2026-01-10 21:00:00",Nederland,Solar,Hour,UTC,Providing,Current,0,0,0,0,0
"2026-01-10 21:00:00","2026-01-10 22:00:00",Nederland,Solar,Hour,UTC,Providing,Current,0,0,0,0,0
"2026-01-10 22:00:00","2026-01-10 23:00:00",Nederland,Solar,Hour,UTC,Providing,Current,0,0,0,0,0
"2026-01-10 23:00:00","2026-01-11 00:00:00",Nederland,Solar,Hour,UTC,Providing,Current,0,0,0,0,0
"2026-01-11 00:00:00","2026-01-11 01:00:00",Nederland,Solar,Hour,UTC,Providing,Current,0,0,0,0,0
"2026-01-11 01:00:00","2026-01-11 02:00:00",Nederland,Solar,Hour,UTC,Providing,Current,0,0,0,0,0
"2026-01-11 02:00:00","2026-01-11 03:00:00",Nederland,Solar,Hour,UTC,Providing,Current,0,0,0,0,0
"2026-01-11 03:00:00","2026-01-11 04:00:00",Nederland,Solar,Hour,UTC,Providing,Current,0,0,0,0,0
"2026-01-11 04:00:00","2026-01-11 05:00:00",Nederland,Solar,Hour,UTC,Providing,Current,0,0,0,0,0
"2026-01-11 05:00:00","2026-01-11 06:00:00",Nederland,Solar,Hour,UTC,Providing,Current,0,0,0,0,0
"2026-01-11 06:00:00","2026-01-11 07:00:00",Nederland,Solar,Hour,UTC,Providing,Current,0,0,0,0,0
"2026-01-11 07:00:00","2026-01-11 08:00:00",Nederland,Solar,Hour,UTC,Providing,Current,0,0,0,0,0
"2026-01-11 08:00:00","2026-01-11 09:00:00",Nederland,Solar,Hour,UTC,Providing,Current,1817611,1817611,0.074239857494831,0,0
"2026-01-11 09:00:00","2026-01-11 10:00:00",Nederland,Solar,Hour,UTC,Providing,Current,3592811,3592811,0.14674624800682,0,0
"2026-01-11 10:00:00","2026-01-11 11:00:00",Nederland,Solar,Hour,UTC,Providing,Current,3088729,3088729,0.1261570006609,0,0
"2026-01-11 11:00:00","2026-01-11 12:00:00",Nederland,Solar,Hour,UTC,Providing,Current,4845076,4845076,0.19789275527,0,0
"2026-01-11 12:00:00","2026-01-11 13:00:00",Nederland,Solar,Hour,UTC,Providing,Current,4611667,4611667,0.18835850059986,0,0
"2026-01-11 13:00:00","2026-01-11 14:00:00",Nederland,Solar,Hour,UTC,Providing,Current,2527533,2527533,0.10323370248079,0,0
"2026-01-11 14:00:00","2026-01-11 15:00:00",Nederland,Solar,Hour,UTC,Providing,Current,1117450,1117450,0.045640550553799,0,0
"2026-01-11 15:00:00","2026-01-11 16:00:00",Nederland,Solar,Hour,UTC,Providing,Current,195303,195303,0.0079768160358071,0,0
"2026-01-11 16:00:00","2026-01-11 17:00:00",Nederland,Solar,Hour,UTC,Providing,Current,49,49,2.0013123958051E-6,0,0
"2026-01-11 17:00:00","2026-01-11 18:00:00",Nederland,Solar,Hour,UTC,Providing,Current,0,0,0,0,0
"2026-01-11 18:00:00","2026-01-11 19:00:00",Nederland,Solar,Hour,UTC,Providing,Current,0,0,0,0,0
"2026-01-11 19:00:00","2026-01-11 20:00:00",Nederland,Solar,Hour,UTC,Providing,Current,0,0,0,0,0
"2026-01-11 20:00:00","2026-01-11 21:00:00",Nederland,Solar,Hour,UTC,Providing,Current,0,0,0,0,0
"2026-01-11 21:00:00","2026-01-11 22:00:00",Nederland,Solar,Hour,UTC,Providing,Current,0,0,0,0,0
"2026-01-11 22:00:00","2026-01-11 23:00:00",Nederland,Solar,Hour,UTC,Providing,Current,0,0,0,0,0
"2026-01-11 23:00:00","2026-01-12 00:00:00",Nederland,Solar,Hour,UTC,Providing,Current,0,0,0,0,0
"2026-01-12 00:00:00","2026-01-12 01:00:00",Nederland,Solar,Hour,UTC,Providing,Current,0,0,0,0,0
"2026-01-12 01:00:00","2026-01-12 02:00:00",Nederland,Solar,Hour,UTC,Providing,Current,0,0,0,0,0
"2026-01-12 02:00:00","2026-01-12 03:00:00",Nederland,Solar,Hour,UTC,Providing,Current,0,0,0,0,0
"2026-01-12 03:00:00","2026-01-12 04:00:00",Nederland,Solar,Hour,UTC,Providing,Current,0,0,0,0,0
"2026-01-12 04:00:00","2026-01-12 05:00:00",Nederland,Solar,Hour,UTC,Providing,Current,0,0,0,0,0
"2026-01-12 05:00:00","2026-01-12 06:00:00",Nederland,Solar,Hour,UTC,Providing,Current,0,0,0,0,0
"2026-01-12 06:00:00","2026-01-12 07:00:00",Nederland,Solar,Hour,UTC,Providing,Current,0,0,0,0,0
"2026-01-12 07:00:00","2026-01-12 08:00:00",Nederland,Solar,Hour,UTC,Providing,Current,0,0,0,0,0
"2026-01-12 08:00:00","2026-01-12 09:00:00",Nederland,Solar,Hour,UTC,Providing,Current,83126,83126,0.0033948372583836,0,0
"2026-01-12 09:00:00","2026-01-12 10:00:00",Nederland,Solar,Hour,UTC,Providing,Current,636167,636167,0.025980750098825,0,0
"2026-01-12 10:00:00","2026-01-12 11:00:00",Nederland,Solar,Hour,UTC,Providing,Current,1221941,1221941,0.049903225153685,0,0
"2026-01-12 11:00:00","2026-01-12 12:00:00",Nederland,Solar,Hour,UTC,Providing,Current,1586078,1586078,0.06477402150631,0,0
"2026-01-12 12:00:00","2026-01-12 13:00:00",Nederland,Solar,Hour,UTC,Providing,Current,1631595,1631595,0.066632576286793,0,0
"2026-01-12 13:00:00","2026-01-12 14:00:00",Nederland,Solar,Hour,UTC,Providing,Current,1202202,1202202,0.049096375703812,0,0
"2026-01-12 14:00:00","2026-01-12 15:00:00",Nederland,Solar,Hour,UTC,Providing,Current,577659,577659,0.023590724915266,0,0
"2026-01-12 15:00:00","2026-01-12 16:00:00",Nederland,Solar,Hour,UTC,Providing,Current,89591,89591,0.003658747067675,0,0
"2026-01-12 16:00:00","2026-01-12 17:00:00",Nederland,Solar,Hour,UTC,Providing,Current,0,0,0,0,0
"2026-01-12 17:00:00","2026-01-12 18:00:00",Nederland,Solar,Hour,UTC,Providing,Current,0,0,0,0,0
"2026-01-12 18:00:00","2026-01-12 19:00:00",Nederland,Solar,Hour,UTC,Providing,Current,0,0,0,0,0
"2026-01-12 19:00:00","2026-01-12 20:00:00",Nederland,Solar,Hour,UTC,Providing,Current,0,0,0,0,0
"2026-01-12 20:00:00","2026-01-12 21:00:00",Nederland,Solar,Hour,UTC,Providing,Current,0,0,0,0,0
"2026-01-12 21:00:00","2026-01-12 22:00:00",Nederland,Solar,Hour,UTC,Providing,Current,0,0,0,0,0
"2026-01-12 22:00:00","2026-01-12 23:00:00",Nederland,Solar,Hour,UTC,Providing,Current,0,0,0,0,0
"2026-01-12 23:00:00","2026-01-13 00:00:00",Nederland,Solar,Hour,UTC,Providing,Current,0,0,0,0,0
"2026-01-13 00:00:00","2026-01-13 01:00:00",Nederland,Solar,Hour,UTC,Providing,Current,0,0,0,0,0
"2026-01-13 01:00:00","2026-01-13 02:00:00",Nederland,Solar,Hour,UTC,Providing,Current,0,0,0,0,0
"2026-01-13 02:00:00","2026-01-13 03:00:00",Nederland,Solar,Hour,UTC,Providing,Current,0,0,0,0,0
"2026-01-13 03:00:00","2026-01-13 04:00:00",Nederland,Solar,Hour,UTC,Providing,Current,0,0,0,0,0
"2026-01-13 04:00:00","2026-01-13 05:00:00",Nederland,Solar,Hour,UTC,Providing,Current,0,0,0,0,0
"2026-01-13 05:00:00","2026-01-13 06:00:00",Nederland,Solar,Hour,UTC,Providing,Current,0,0,0,0,0
"2026-01-13 06:00:00","2026-01-13 07:00:00",Nederland,Solar,Hour,UTC,Providing,Current,0,0,0,0,0
"2026-01-13 07:00:00","2026-01-13 08:00:00",Nederland,Solar,Hour,UTC,Providing,Current,0,0,0,0,0
"2026-01-13 08:00:00","2026-01-13 09:00:00",Nederland,Solar,Hour,UTC,Providing,Current,194599,194599,0.0079464027658105,0,0
"2026-01-13 09:00:00","2026-01-13 10:00:00",Nederland,Solar,Hour,UTC,Providing,Current,880438,880438,0.035952273756266,0,0
"2026-01-13 10:00:00","2026-01-13 11:00:00",Nederland,Solar,Hour,UTC,Providing,Current,1328483,1328483,0.054247725754976,0,0
"2026-01-13 11:00:00","2026-01-13 12:00:00",Nederland,Solar,Hour,UTC,Providing,Current,1613009,1613009,0.065865851938725,0,0
"2026-01-13 12:00:00","2026-01-13 13:00:00",Nederland,Solar,Hour,UTC,Providing,Current,1352520,1352520,0.055228725075722,0,0
"2026-01-13 13:00:00","2026-01-13 14:00:00",Nederland,Solar,Hour,UTC,Providing,Current,1285714,1285714,0.052500501275063,0,0
"2026-01-13 14:00:00","2026-01-13 15:00:00",Nederland,Solar,Hour,UTC,Providing,Current,1054900,1054900,0.043075300753117,0,0
"2026-01-13 15:00:00","2026-01-13 16:00:00",Nederland,Solar,Hour,UTC,Providing,Current,243132,243132,0.0099278893321753,0,0
"2026-01-13 16:00:00","2026-01-13 17:00:00",Nederland,Solar,Hour,UTC,Providing,Current,0,0,0,0,0
"2026-01-13 17:00:00","2026-01-13 18:00:00",Nederland,Solar,Hour,UTC,Providing,Current,0,0,0,0,0
"2026-01-13 18:00:00","2026-01-13 19:00:00",Nederland,Solar,Hour,UTC,Providing,Current,0,0,0,0,0
"2026-01-13 19:00:00","2026-01-13 20:00:00",Nederland,Solar,Hour,UTC,Providing,Current,0,0,0,0,0
"2026-01-13 20:00:00","2026-01-13 21:00:00",Nederland,Solar,Hour,UTC,Providing,Current,0,0,0,0,0
"2026-01-13 21:00:00","2026-01-13 22:00:00",Nederland,Solar,Hour,UTC,Providing,Current,0,0,0,0,0
"2026-01-13 22:00:00","2026-01-13 23:00:00",Nederland,Solar,Hour,UTC,Providing,Current,0,0,0,0,0
"2026-01-13 23:00:00","2026-01-14 00:00:00",Nederland,Solar,Hour,UTC,Providing,Current,0,0,0,0,0
"2026-01-14 00:00:00","2026-01-14 01:00:00",Nederland,Solar,Hour,UTC,Providing,Current,0,0,0,0,0
"2026-01-14 01:00:00","2026-01-14 02:00:00",Nederland,Solar,Hour,UTC,Providing,Current,0,0,0,0,0
"2026-01-14 02:00:00","2026-01-14 03:00:00",Nederland,Solar,Hour,UTC,Providing,Current,0,0,0,0,0
"2026-01-14 03:00:00","2026-01-14 04:00:00",Nederland,Solar,Hour,UTC,Providing,Current,0,0,0,0,0
"2026-01-14 04:00:00","2026-01-14 05:00:00",Nederland,Solar,Hour,UTC,Providing,Current,0,0,0,0,0
"2026-01-14 05:00:00","2026-01-14 06:00:00",Nederland,Solar,Hour,UTC,Providing,Current,0,0,0,0,0
"2026-01-14 06:00:00","2026-01-14 07:00:00",Nederland,Solar,Hour,UTC,Providing,Current,0,0,0,0,0
"2026-01-14 07:00:00","2026-01-14 08:00:00",Nederland,Solar,Hour,UTC,Providing,Current,0,0,0,0,0
"2026-01-14 08:00:00","2026-01-14 09:00:00",Nederland,Solar,Hour,UTC,Providing,Current,484494,484494,0.01978176087141,0,0
"2026-01-14 09:00:00","2026-01-14 10:00:00",Nederland,Solar,Hour,UTC,Providing,Current,3994528,3994528,0.16309474408627,0,0
"2026-01-14 10:00:00","2026-01-14 11:00:00",Nederland,Solar,Hour,UTC,Providing,Current,6163233,6163233,0.25164073705673,0,0
"2026-01-14 11:00:00","2026-01-14 12:00:00",Nederland,Solar,Hour,UTC,Providing,Current,7665565,7665565,0.31297850608826,0,0
"2026-01-14 12:00:00","2026-01-14 13:00:00",Nederland,Solar,Hour,UTC,Providing,Current,7325947,7325947,0.29911050200462,0,0
"2026-01-14 13:00:00","2026-01-14 14:00:00",Nederland,Solar,Hour,UTC,Providing,Current,7090022,7090022,0.28947675228119,0,0
"2026-01-14 14:00:00","2026-01-14 15:00:00",Nederland,Solar,Hour,UTC,Providing,Current,5108330,5108330,0.20856575667858,0,0
"2026-01-14 15:00:00","2026-01-14 16:00:00",Nederland,Solar,Hour,UTC,Providing,Current,1337472,1337472,0.054606799036264,0,0
"2026-01-14 16:00:00","2026-01-14 17:00:00",Nederland,Solar,Hour,UTC,Providing,Current,0,0,0,0,0
"2026-01-14 17:00:00","2026-01-14 18:00:00",Nederland,Solar,Hour,UTC,Providing,Current,0,0,0,0,0
"2026-01-14 18:00:00","2026-01-14 19:00:00",Nederland,Solar,Hour,UTC,Providing,Current,0,0,0,0,0
"2026-01-14 19:00:00","2026-01-14 20:00:00",Nederland,Solar,Hour,UTC,Providing,Current,0,0,0,0,0
"2026-01-14 20:00:00","2026-01-14 21:00:00",Nederland,Solar,Hour,UTC,Providing,Current,0,0,0,0,0
"2026-01-14 21:00:00","2026-01-14 22:00:00",Nederland,Solar,Hour,UTC,Providing,Current,0,0,0,0,0
"2026-01-14 22:00:00","2026-01-14 23:00:00",Nederland,Solar,Hour,UTC,Providing,Current,0,0,0,0,0
"2026-01-14 23:00:00","2026-01-15 00:00:00",Nederland,Solar,Hour,UTC,Providing,Current,0,0,0,0,0
"2026-01-15 00:00:00","2026-01-15 01:00:00",Nederland,Solar,Hour,UTC,Providing,Current,0,0,0,0,0
"2026-01-15 01:00:00","2026-01-15 02:00:00",Nederland,Solar,Hour,UTC,Providing,Current,0,0,0,0,0
"2026-01-15 02:00:00","2026-01-15 03:00:00",Nederland,Solar,Hour,UTC,Providing,Current,0,0,0,0,0
"2026-01-15 03:00:00","2026-01-15 04:00:00",Nederland,Solar,Hour,UTC,Providing,Current,0,0,0,0,0
"2026-01-15 04:00:00","2026-01-15 05:00:00",Nederland,Solar,Hour,UTC,Providing,Current,0,0,0,0,0
"2026-01-15 05:00:00","2026-01-15 06:00:00",Nederland,Solar,Hour,UTC,Providing,Current,0,0,0,0,0
"2026-01-15 06:00:00","2026-01-15 07:00:00",Nederland,Solar,Hour,UTC,Providing,Current,0,0,0,0,0
"2026-01-15 07:00:00","2026-01-15 08:00:00",Nederland,Solar,Hour,UTC,Providing,Current,0,0,0,0,0
"2026-01-15 08:00:00","2026-01-15 09:00:00",Nederland,Solar,Hour,UTC,Providing,Current,156958,156958,0.006407764274627,0,0
"2026-01-15 09:00:00","2026-01-15 10:00:00",Nederland,Solar,Hour,UTC,Providing,Current,746026,746026,0.030456200242043,0,0
"2026-01-15 10:00:00","2026-01-15 11:00:00",Nederland,Solar,Hour,UTC,Providing,Current,1148743,1148743,0.046896748244762,0,0
"2026-01-15 11:00:00","2026-01-15 12:00:00",Nederland,Solar,Hour,UTC,Providing,Current,1473040,1473040,0.060135673731565,0,0
"2026-01-15 12:00:00","2026-01-15 13:00:00",Nederland,Solar,Hour,UTC,Providing,Current,1342786,1342786,0.054817873984575,0,0
"2026-01-15 13:00:00","2026-01-15 14:00:00",Nederland,Solar,Hour,UTC,Providing,Current,1401447,1401447,0.057212401181459,0,0
"2026-01-15 14:00:00","2026-01-15 15:00:00",Nederland,Solar,Hour,UTC,Providing,Current,885970,885970,0.036168500781059,0,0
"2026-01-15 15:00:00","2026-01-15 16:00:00",Nederland,Solar,Hour,UTC,Providing,Current,586681,586681,0.023950291797519,0,0
"2026-01-15 16:00:00","2026-01-15 17:00:00",Nederland,Solar,Hour,UTC,Providing,Current,107,107,4.3680752241926E-6,0,0
"2026-01-15 17:00:00","2026-01-15 18:00:00",Nederland,Solar,Hour,UTC,Providing,Current,0,0,0,0,0
"2026-01-15 18:00:00","2026-01-15 19:00:00",Nederland,Solar,Hour,UTC,Providing,Current,0,0,0,0,0
"2026-01-15 19:00:00","2026-01-15 20:00:00",Nederland,Solar,Hour,UTC,Providing,Current,0,0,0,0,0
"2026-01-15 20:00:00","2026-01-15 21:00:00",Nederland,Solar,Hour,UTC,Providing,Current,0,0,0,0,0
"2026-01-15 21:00:00","2026-01-15 22:00:00",Nederland,Solar,Hour,UTC,Providing,Current,0,0,0,0,0
"2026-01-15 22:00:00","2026-01-15 23:00:00",Nederland,Solar,Hour,UTC,Providing,Current,0,0,0,0,0
"2026-01-15 23:00:00","2026-01-16 00:00:00",Nederland,Solar,Hour,UTC,Providing,Current,0,0,0,0,0
"2026-01-16 00:00:00","2026-01-16 01:00:00",Nederland,Solar,Hour,UTC,Providing,Current,0,0,0,0,0
"2026-01-16 01:00:00","2026-01-16 02:00:00",Nederland,Solar,Hour,UTC,Providing,Current,0,0,0,0,0
"2026-01-16 02:00:00","2026-01-16 03:00:00",Nederland,Solar,Hour,UTC,Providing,Current,0,0,0,0,0
"2026-01-16 03:00:00","2026-01-16 04:00:00",Nederland,Solar,Hour,UTC,Providing,Current,0,0,0,0,0
"2026-01-16 04:00:00","2026-01-16 05:00:00",Nederland,Solar,Hour,UTC,Providing,Current,0,0,0,0,0
"2026-01-16 05:00:00","2026-01-16 06:00:00",Nederland,Solar,Hour,UTC,Providing,Current,0,0,0,0,0
"2026-01-16 06:00:00","2026-01-16 07:00:00",Nederland,Solar,Hour,UTC,Providing,Current,0,0,0,0,0
"2026-01-16 07:00:00","2026-01-16 08:00:00",Nederland,Solar,Hour,UTC,Providing,Current,0,0,0,0,0
"2026-01-16 08:00:00","2026-01-16 09:00:00",Nederland,Solar,Hour,UTC,Providing,Current,350254,350254,0.014297320507467,0,0
"2026-01-16 09:00:00","2026-01-16 10:00:00",Nederland,Solar,Hour,UTC,Providing,Current,1824041,1824041,0.074456624686718,0,0
"2026-01-16 10:00:00","2026-01-16 11:00:00",Nederland,Solar,Hour,UTC,Providing,Current,3284375,3284375,0.13406650722027,0,0
"2026-01-16 11:00:00","2026-01-16 12:00:00",Nederland,Solar,Hour,UTC,Providing,Current,4508340,4508340,0.18402700126171,0,0
"2026-01-16 12:00:00","2026-01-16 13:00:00",Nederland,Solar,Hour,UTC,Providing,Current,5532633,5532633,0.22583650052547,0,0
"2026-01-16 13:00:00","2026-01-16 14:00:00",Nederland,Solar,Hour,UTC,Providing,Current,5268125,5268125,0.21503874659538,0,0
"2026-01-16 14:00:00","2026-01-16 15:00:00",Nederland,Solar,Hour,UTC,Providing,Current,2992256,2992256,0.12213984876871,0,0
"2026-01-16 15:00:00","2026-01-16 16:00:00",Nederland,Solar,Hour,UTC,Providing,Current,671132,671132,0.027394572272897,0,0
"2026-01-16 16:00:00","2026-01-16 17:00:00",Nederland,Solar,Hour,UTC,Providing,Current,857,857,3.4981250792043E-5,0,0
"2026-01-16 17:00:00","2026-01-16 18:00:00",Nederland,Solar,Hour,UTC,Providing,Current,0,0,0,0,0
"2026-01-16 18:00:00","2026-01-16 19:00:00",Nederland,Solar,Hour,UTC,Providing,Current,0,0,0,0,0
"2026-01-16 19:00:00","2026-01-16 20:00:00",Nederland,Solar,Hour,UTC,Providing,Current,0,0,0,0,0
"2026-01-16 20:00:00","2026-01-16 21:00:00",Nederland,Solar,Hour,UTC,Providing,Current,0,0,0,0,0
"2026-01-16 21:00:00","2026-01-16 22:00:00",Nederland,Solar,Hour,UTC,Providing,Current,0,0,0,0,0
"2026-01-16 22:00:00","2026-01-16 23:00:00",Nederland,Solar,Hour,UTC,Providing,Current,0,0,0,0,0
"2026-01-16 23:00:00","2026-01-17 00:00:00",Nederland,Solar,Hour,UTC,Providing,Current,0,0,0,0,0
"2026-01-17 00:00:00","2026-01-17 01:00:00",Nederland,Solar,Hour,UTC,Providing,Current,0,0,0,0,0
"2026-01-17 01:00:00","2026-01-17 02:00:00",Nederland,Solar,Hour,UTC,Providing,Current,0,0,0,0,0
"2026-01-17 02:00:00","2026-01-17 03:00:00",Nederland,Solar,Hour,UTC,Providing,Current,0,0,0,0,0
"2026-01-17 03:00:00","2026-01-17 04:00:00",Nederland,Solar,Hour,UTC,Providing,Current,0,0,0,0,0
"2026-01-17 04:00:00","2026-01-17 05:00:00",Nederland,Solar,Hour,UTC,Providing,Current,0,0,0,0,0
"2026-01-17 05:00:00","2026-01-17 06:00:00",Nederland,Solar,Hour,UTC,Providing,Current,0,0,0,0,0
"2026-01-17 06:00:00","2026-01-17 07:00:00",Nederland,Solar,Hour,UTC,Providing,Current,0,0,0,0,0
"2026-01-17 07:00:00","2026-01-17 08:00:00",Nederland,Solar,Hour,UTC,Providing,Current,0,0,0,0,0
"2026-01-17 08:00:00","2026-01-17 09:00:00",Nederland,Solar,Hour,UTC,Providing,Current,530920,530920,0.021669402718544,0,0
"2026-01-17 09:00:00","2026-01-17 10:00:00",Nederland,Solar,Hour,UTC,Providing,Current,3243116,3243116,0.13236667215824,0,0
"2026-01-17 10:00:00","2026-01-17 11:00:00",Nederland,Solar,Hour,UTC,Providing,Current,6246210,6246210,0.25493574142456,0,0
"2026-01-17 11:00:00","2026-01-17 12:00:00",Nederland,Solar,Hour,UTC,Providing,Current,8265630,8265630,0.33735549449921,0,0
"2026-01-17 12:00:00","2026-01-17 13:00:00",Nederland,Solar,Hour,UTC,Providing,Current,8816347,8816347,0.35983073711395,0,0
"2026-01-17 13:00:00","2026-01-17 14:00:00",Nederland,Solar,Hour,UTC,Providing,Current,7134693,7134693,0.29119426012039,0,0
"2026-01-17 14:00:00","2026-01-17 15:00:00",Nederland,Solar,Hour,UTC,Providing,Current,4812068,4812068,0.19639775156975,0,0
"2026-01-17 15:00:00","2026-01-17 16:00:00",Nederland,Solar,Hour,UTC,Providing,Current,1213371,1213371,0.049521997570992,0,0
"2026-01-17 16:00:00","2026-01-17 17:00:00",Nederland,Solar,Hour,UTC,Providing,Current,2298,2298,9.3788999947719E-5,0,0
"2026-01-17 17:00:00","2026-01-17 18:00:00",Nederland,Solar,Hour,UTC,Providing,Current,0,0,0,0,0
"2026-01-17 18:00:00","2026-01-17 19:00:00",Nederland,Solar,Hour,UTC,Providing,Current,0,0,0,0,0
"2026-01-17 19:00:00","2026-01-17 20:00:00",Nederland,Solar,Hour,UTC,Providing,Current,0,0,0,0,0
"2026-01-17 20:00:00","2026-01-17 21:00:00",Nederland,Solar,Hour,UTC,Providing,Current,0,0,0,0,0
"2026-01-17 21:00:00","2026-01-17 22:00:00",Nederland,Solar,Hour,UTC,Providing,Current,0,0,0,0,0
"2026-01-17 22:00:00","2026-01-17 23:00:00",Nederland,Solar,Hour,UTC,Providing,Current,0,0,0,0,0
"2026-01-17 23:00:00","2026-01-18 00:00:00",Nederland,Solar,Hour,UTC,Providing,Current,0,0,0,0,0
"2026-01-18 00:00:00","2026-01-18 01:00:00",Nederland,Solar,Hour,UTC,Providing,Current,0,0,0,0,0
"2026-01-18 01:00:00","2026-01-18 02:00:00",Nederland,Solar,Hour,UTC,Providing,Current,0,0,0,0,0
"2026-01-18 02:00:00","2026-01-18 03:00:00",Nederland,Solar,Hour,UTC,Providing,Current,0,0,0,0,0
"2026-01-18 03:00:00","2026-01-18 04:00:00",Nederland,Solar,Hour,UTC,Providing,Current,0,0,0,0,0
"2026-01-18 04:00:00","2026-01-18 05:00:00",Nederland,Solar,Hour,UTC,Providing,Current,0,0,0,0,0
"2026-01-18 05:00:00","2026-01-18 06:00:00",Nederland,Solar,Hour,UTC,Providing,Current,0,0,0,0,0
"2026-01-18 06:00:00","2026-01-18 07:00:00",Nederland,Solar,Hour,UTC,Providing,Current,0,0,0,0,0
"2026-01-18 07:00:00","2026-01-18 08:00:00",Nederland,Solar,Hour,UTC,Providing,Current,0,0,0,0,0
"2026-01-18 08:00:00","2026-01-18 09:00:00",Nederland,Solar,Hour,UTC,Providing,Current,774106,774106,0.031591150909662,0,0
"2026-01-18 09:00:00","2026-01-18 10:00:00",Nederland,Solar,Hour,UTC,Providing,Current,3482319,3482319,0.14211249351501,0,0
"2026-01-18 10:00:00","2026-01-18 11:00:00",Nederland,Solar,Hour,UTC,Providing,Current,5293738,5293738,0.216034501791,0,0
"2026-01-18 11:00:00","2026-01-18 12:00:00",Nederland,Solar,Hour,UTC,Providing,Current,6405487,6405487,0.26140350103378,0,0
"2026-01-18 12:00:00","2026-01-18 13:00:00",Nederland,Solar,Hour,UTC,Providing,Current,6256299,6256299,0.25531375408173,0,0
"2026-01-18 13:00:00","2026-01-18 14:00:00",Nederland,Solar,Hour,UTC,Providing,Current,5353942,5353942,0.21848824620247,0,0
"2026-01-18 14:00:00","2026-01-18 15:00:00",Nederland,Solar,Hour,UTC,Providing,Current,3370315,3370315,0.13753797113895,0,0
"2026-01-18 15:00:00","2026-01-18 16:00:00",Nederland,Solar,Hour,UTC,Providing,Current,877219,877219,0.035797990858555,0,0
"2026-01-18 16:00:00","2026-01-18 17:00:00",Nederland,Solar,Hour,UTC,Providing,Current,2059,2059,8.4024250099901E-5,0,0
"2026-01-18 17:00:00","2026-01-18 18:00:00",Nederland,Solar,Hour,UTC,Providing,Current,0,0,0,0,0
"2026-01-18 18:00:00","2026-01-18 19:00:00",Nederland,Solar,Hour,UTC,Providing,Current,0,0,0,0,0
"2026-01-18 19:00:00","2026-01-18 20:00:00",Nederland,Solar,Hour,UTC,Providing,Current,0,0,0,0,0
"2026-01-18 20:00:00","2026-01-18 21:00:00",Nederland,Solar,Hour,UTC,Providing,Current,0,0,0,0,0
"2026-01-18 21:00:00","2026-01-18 22:00:00",Nederland,Solar,Hour,UTC,Providing,Current,0,0,0,0,0
"2026-01-18 22:00:00","2026-01-18 23:00:00",Nederland,Solar,Hour,UTC,Providing,Current,0,0,0,0,0
"2026-01-18 23:00:00","2026-01-19 00:00:00",Nederland,Solar,Hour,UTC,Providing,Current,0,0,0,0,0
"2026-01-19 00:00:00","2026-01-19 01:00:00",Nederland,Solar,Hour,UTC,Providing,Current,0,0,0,0,0
"2026-01-19 01:00:00","2026-01-19 02:00:00",Nederland,Solar,Hour,UTC,Providing,Current,0,0,0,0,0
"2026-01-19 02:00:00","2026-01-19 03:00:00",Nederland,Solar,Hour,UTC,Providing,Current,0,0,0,0,0
"2026-01-19 03:00:00","2026-01-19 04:00:00",Nederland,Solar,Hour,UTC,Providing,Current,0,0,0,0,0
"2026-01-19 04:00:00","2026-01-19 05:00:00",Nederland,Solar,Hour,UTC,Providing,Current,0,0,0,0,0
"2026-01-19 05:00:00","2026-01-19 06:00:00",Nederland,Solar,Hour,UTC,Providing,Current,0,0,0,0,0
"2026-01-19 06:00:00","2026-01-19 07:00:00",Nederland,Solar,Hour,UTC,Providing,Current,0,0,0,0,0
"2026-01-19 07:00:00","2026-01-19 08:00:00",Nederland,Solar,Hour,UTC,Providing,Current,0,0,0,0,0
"2026-01-19 08:00:00","2026-01-19 09:00:00",Nederland,Solar,Hour,UTC,Providing,Current,780818,780818,0.031861200928688,0,0
"2026-01-19 09:00:00","2026-01-19 10:00:00",Nederland,Solar,Hour,UTC,Providing,Current,3611393,3611393,0.14736194908619,0,0
"2026-01-19 10:00:00","2026-01-19 11:00:00",Nederland,Solar,Hour,UTC,Providing,Current,5835011,5835011,0.23809500038624,0,0
"2026-01-19 11:00:00","2026-01-19 12:00:00",Nederland,Solar,Hour,UTC,Providing,Current,5621673,5621673,0.22938825190067,0,0
"2026-01-19 12:00:00","2026-01-19 13:00:00",Nederland,Solar,Hour,UTC,Providing,Current,5956162,5956162,0.2430360019207,0,0
"2026-01-19 13:00:00","2026-01-19 14:00:00",Nederland,Solar,Hour,UTC,Providing,Current,5302318,5302318,0.2163552492857,0,0
"2026-01-19 14:00:00","2026-01-19 15:00:00",Nederland,Solar,Hour,UTC,Providing,Current,3408183,3408183,0.13906668126583,0,0
"2026-01-19 15:00:00","2026-01-19 16:00:00",Nederland,Solar,Hour,UTC,Providing,Current,976066,976066,0.039826925843954,0,0
"2026-01-19 16:00:00","2026-01-19 17:00:00",Nederland,Solar,Hour,UTC,Providing,Current,2351,2351,9.5928749942686E-5,0,0
"2026-01-19 17:00:00","2026-01-19 18:00:00",Nederland,Solar,Hour,UTC,Providing,Current,0,0,0,0,0
"2026-01-19 18:00:00","2026-01-19 19:00:00",Nederland,Solar,Hour,UTC,Providing,Current,0,0,0,0,0
"2026-01-19 19:00:00","2026-01-19 20:00:00",Nederland,Solar,Hour,UTC,Providing,Current,0,0,0,0,0
"2026-01-19 20:00:00","2026-01-19 21:00:00",Nederland,Solar,Hour,UTC,Providing,Current,0,0,0,0,0
"2026-01-19 21:00:00","2026-01-19 22:00:00",Nederland,Solar,Hour,UTC,Providing,Current,0,0,0,0,0
"2026-01-19 22:00:00","2026-01-19 23:00:00",Nederland,Solar,Hour,UTC,Providing,Current,0,0,0,0,0
"2026-01-19 23:00:00","2026-01-20 00:00:00",Nederland,Solar,Hour,UTC,Providing,Current,0,0,0,0,0
"2026-01-20 00:00:00","2026-01-20 01:00:00",Nederland,Solar,Hour,UTC,Providing,Current,0,0,0,0,0
"2026-01-20 01:00:00","2026-01-20 02:00:00",Nederland,Solar,Hour,UTC,Providing,Current,0,0,0,0,0
"2026-01-20 02:00:00","2026-01-20 03:00:00",Nederland,Solar,Hour,UTC,Providing,Current,0,0,0,0,0
"2026-01-20 03:00:00","2026-01-20 04:00:00",Nederland,Solar,Hour,UTC,Providing,Current,0,0,0,0,0
"2026-01-20 04:00:00","2026-01-20 05:00:00",Nederland,Solar,Hour,UTC,Providing,Current,0,0,0,0,0
"2026-01-20 05:00:00","2026-01-20 06:00:00",Nederland,Solar,Hour,UTC,Providing,Current,0,0,0,0,0
"2026-01-20 06:00:00","2026-01-20 07:00:00",Nederland,Solar,Hour,UTC,Providing,Current,0,0,0,0,0
"2026-01-20 07:00:00","2026-01-20 08:00:00",Nederland,Solar,Hour,UTC,Providing,Current,0,0,0,0,0
"2026-01-20 08:00:00","2026-01-20 09:00:00",Nederland,Solar,Hour,UTC,Providing,Current,990034,990034,0.040393326431513,0,0
"2026-01-20 09:00:00","2026-01-20 10:00:00",Nederland,Solar,Hour,UTC,Providing,Current,4053058,4053058,0.16536399722099,0,0
"2026-01-20 10:00:00","2026-01-20 11:00:00",Nederland,Solar,Hour,UTC,Providing,Current,6314092,6314092,0.25761198997498,0,0
"2026-01-20 11:00:00","2026-01-20 12:00:00",Nederland,Solar,Hour,UTC,Providing,Current,7636380,7636380,0.31155925989151,0,0
"2026-01-20 12:00:00","2026-01-20 13:00:00",Nederland,Solar,Hour,UTC,Providing,Current,7502371,7502371,0.30609050393105,0,0
"2026-01-20 13:00:00","2026-01-20 14:00:00",Nederland,Solar,Hour,UTC,Providing,Current,6313118,6313118,0.25756850838661,0,0
"2026-01-20 14:00:00","2026-01-20 15:00:00",Nederland,Solar,Hour,UTC,Providing,Current,4132150,4132150,0.16858650743961,0,0
"2026-01-20 15:00:00","2026-01-20 16:00:00",Nederland,Solar,Hour,UTC,Providing,Current,1278790,1278790,0.052172798663378,0,0
"2026-01-20 16:00:00","2026-01-20 17:00:00",Nederland,Solar,Hour,UTC,Providing,Current,11059,11059,0.00045118856360205,0,0
"2026-01-20 17:00:00","2026-01-20 18:00:00",Nederland,Solar,Hour,UTC,Providing,Current,0,0,0,0,0
"2026-01-20 18:00:00","2026-01-20 19:00:00",Nederland,Solar,Hour,UTC,Providing,Current,0,0,0,0,0
"2026-01-20 19:00:00","2026-01-20 20:00:00",Nederland,Solar,Hour,UTC,Providing,Current,0,0,0,0,0
"2026-01-20 20:00:00","2026-01-20 21:00:00",Nederland,Solar,Hour,UTC,Providing,Current,0,0,0,0,0
"2026-01-20 21:00:00","2026-01-20 22:00:00",Nederland,Solar,Hour,UTC,Providing,Current,0,0,0,0,0
"2026-01-20 22:00:00","2026-01-20 23:00:00",Nederland,Solar,Hour,UTC,Providing,Current,0,0,0,0,0
"2026-01-20 23:00:00","2026-01-21 00:00:00",Nederland,Solar,Hour,UTC,Providing,Current,0,0,0,0,0
"2026-01-21 00:00:00","2026-01-21 01:00:00",Nederland,Solar,Hour,UTC,Providing,Current,0,0,0,0,0
"2026-01-21 01:00:00","2026-01-21 02:00:00",Nederland,Solar,Hour,UTC,Providing,Current,0,0,0,0,0
"2026-01-21 02:00:00","2026-01-21 03:00:00",Nederland,Solar,Hour,UTC,Providing,Current,0,0,0,0,0
"2026-01-21 03:00:00","2026-01-21 04:00:00",Nederland,Solar,Hour,UTC,Providing,Current,0,0,0,0,0
"2026-01-21 04:00:00","2026-01-21 05:00:00",Nederland,Solar,Hour,UTC,Providing,Current,0,0,0,0,0
"2026-01-21 05:00:00","2026-01-21 06:00:00",Nederland,Solar,Hour,UTC,Providing,Current,0,0,0,0,0
"2026-01-21 06:00:00","2026-01-21 07:00:00",Nederland,Solar,Hour,UTC,Providing,Current,0,0,0,0,0
"2026-01-21 07:00:00","2026-01-21 08:00:00",Nederland,Solar,Hour,UTC,Providing,Current,1397,1397,5.6990749726538E-5,0,0
"2026-01-21 08:00:00","2026-01-21 09:00:00",Nederland,Solar,Hour,UTC,Providing,Current,466753,466753,0.01904116012156,0,0
"2026-01-21 09:00:00","2026-01-21 10:00:00",Nederland,Solar,Hour,UTC,Providing,Current,1486164,1486164,0.060627724975348,0,0
"2026-01-21 10:00:00","2026-01-21 11:00:00",Nederland,Solar,Hour,UTC,Providing,Current,2389201,2389201,0.097466647624969,0,0
"2026-01-21 11:00:00","2026-01-21 12:00:00",Nederland,Solar,Hour,UTC,Providing,Current,3715836,3715836,0.15158525109291,0,0
"2026-01-21 12:00:00","2026-01-21 13:00:00",Nederland,Solar,Hour,UTC,Providing,Current,5239678,5239678,0.21374849975109,0,0
"2026-01-21 13:00:00","2026-01-21 14:00:00",Nederland,Solar,Hour,UTC,Providing,Current,5683427,5683427,0.23184950649738,0,0
"2026-01-21 14:00:00","2026-01-21 15:00:00",Nederland,Solar,Hour,UTC,Providing,Current,5176610,5176610,0.21117350459099,0,0
"2026-01-21 15:00:00","2026-01-21 16:00:00",Nederland,Solar,Hour,UTC,Providing,Current,2611843,2611843,0.10654634982347,0,0
"2026-01-21 16:00:00","2026-01-21 17:00:00",Nederland,Solar,Hour,UTC,Providing,Current,19236,19236,0.00078470248263329,0,0
"2026-01-21 17:00:00","2026-01-21 18:00:00",Nederland,Solar,Hour,UTC,Providing,Current,0,0,0,0,0
"2026-01-21 18:00:00","2026-01-21 19:00:00",Nederland,Solar,Hour,UTC,Providing,Current,0,0,0,0,0
"2026-01-21 19:00:00","2026-01-21 20:00:00",Nederland,Solar,Hour,UTC,Providing,Current,0,0,0,0,0
"2026-01-21 20:00:00","2026-01-21 21:00:00",Nederland,Solar,Hour,UTC,Providing,Current,0,0,0,0,0
"2026-01-21 21:00:00","2026-01-21 22:00:00",Nederland,Solar,Hour,UTC,Providing,Current,0,0,0,0,0
"2026-01-21 22:00:00","2026-01-21 23:00:00",Nederland,Solar,Hour,UTC,Providing,Current,0,0,0,0,0
"2026-01-21 23:00:00","2026-01-22 00:00:00",Nederland,Solar,Hour,UTC,Providing,Current,0,0,0,0,0
"2026-01-22 00:00:00","2026-01-22 01:00:00",Nederland,Solar,Hour,UTC,Providing,Current,0,0,0,0,0
"2026-01-22 01:00:00","2026-01-22 02:00:00",Nederland,Solar,Hour,UTC,Providing,Current,0,0,0,0,0
"2026-01-22 02:00:00","2026-01-22 03:00:00",Nederland,Solar,Hour,UTC,Providing,Current,0,0,0,0,0
"2026-01-22 03:00:00","2026-01-22 04:00:00",Nederland,Solar,Hour,UTC,Providing,Current,0,0,0,0,0
"2026-01-22 04:00:00","2026-01-22 05:00:00",Nederland,Solar,Hour,UTC,Providing,Current,0,0,0,0,0
"2026-01-22 05:00:00","2026-01-22 06:00:00",Nederland,Solar,Hour,UTC,Providing,Current,0,0,0,0,0
"2026-01-22 06:00:00","2026-01-22 07:00:00",Nederland,Solar,Hour,UTC,Providing,Current,0,0,0,0,0
"2026-01-22 07:00:00","2026-01-22 08:00:00",Nederland,Solar,Hour,UTC,Providing,Current,413,413,1.6846350263222E-5,0,0
"2026-01-22 08:00:00","2026-01-22 09:00:00",Nederland,Solar,Hour,UTC,Providing,Current,1177807,1177807,0.048042744398117,0,0
"2026-01-22 09:00:00","2026-01-22 10:00:00",Nederland,Solar,Hour,UTC,Providing,Current,4789053,4789053,0.19534474611282,0,0
"2026-01-22 10:00:00","2026-01-22 11:00:00",Nederland,Solar,Hour,UTC,Providing,Current,7668189,7668189,0.31278276443481,0,0
"2026-01-22 11:00:00","2026-01-22 12:00:00",Nederland,Solar,Hour,UTC,Providing,Current,9236153,9236153,0.37673750519753,0,0
"2026-01-22 12:00:00","2026-01-22 13:00:00",Nederland,Solar,Hour,UTC,Providing,Current,8051545,8051545,0.32841598987579,0,0
"2026-01-22 13:00:00","2026-01-22 14:00:00",Nederland,Solar,Hour,UTC,Providing,Current,6469194,6469194,0.26387223601341,0,0
"2026-01-22 14:00:00","2026-01-22 15:00:00",Nederland,Solar,Hour,UTC,Providing,Current,4352414,4352414,0.17752975225449,0,0
"2026-01-22 15:00:00","2026-01-22 16:00:00",Nederland,Solar,Hour,UTC,Providing,Current,1027149,1027149,0.041896019130945,0,0
"2026-01-22 16:00:00","2026-01-22 17:00:00",Nederland,Solar,Hour,UTC,Providing,Current,9864,9864,0.00040233723120764,0,0
"2026-01-22 17:00:00","2026-01-22 18:00:00",Nederland,Solar,Hour,UTC,Providing,Current,0,0,0,0,0
"2026-01-22 18:00:00","2026-01-22 19:00:00",Nederland,Solar,Hour,UTC,Providing,Current,0,0,0,0,0
"2026-01-22 19:00:00","2026-01-22 20:00:00",Nederland,Solar,Hour,UTC,Providing,Current,0,0,0,0,0
"2026-01-22 20:00:00","2026-01-22 21:00:00",Nederland,Solar,Hour,UTC,Providing,Current,0,0,0,0,0
"2026-01-22 21:00:00","2026-01-22 22:00:00",Nederland,Solar,Hour,UTC,Providing,Current,0,0,0,0,0
"2026-01-22 22:00:00","2026-01-22 23:00:00",Nederland,Solar,Hour,UTC,Providing,Current,0,0,0,0,0
"2026-01-22 23:00:00","2026-01-23 00:00:00",Nederland,Solar,Hour,UTC,Providing,Current,0,0,0,0,0
"2026-01-23 00:00:00","2026-01-23 01:00:00",Nederland,Solar,Hour,UTC,Providing,Current,0,0,0,0,0
"2026-01-23 01:00:00","2026-01-23 02:00:00",Nederland,Solar,Hour,UTC,Providing,Current,0,0,0,0,0
"2026-01-23 02:00:00","2026-01-23 03:00:00",Nederland,Solar,Hour,UTC,Providing,Current,0,0,0,0,0
"2026-01-23 03:00:00","2026-01-23 04:00:00",Nederland,Solar,Hour,UTC,Providing,Current,0,0,0,0,0
"2026-01-23 04:00:00","2026-01-23 05:00:00",Nederland,Solar,Hour,UTC,Providing,Current,0,0,0,0,0
"2026-01-23 05:00:00","2026-01-23 06:00:00",Nederland,Solar,Hour,UTC,Providing,Current,0,0,0,0,0
"2026-01-23 06:00:00","2026-01-23 07:00:00",Nederland,Solar,Hour,UTC,Providing,Current,0,0,0,0,0
"2026-01-23 07:00:00","2026-01-23 08:00:00",Nederland,Solar,Hour,UTC,Providing,Current,194,194,7.912324690551E-6,0,0
"2026-01-23 08:00:00","2026-01-23 09:00:00",Nederland,Solar,Hour,UTC,Providing,Current,624801,624801,0.025482529774308,0,0
"2026-01-23 09:00:00","2026-01-23 10:00:00",Nederland,Solar,Hour,UTC,Providing,Current,2751545,2751545,0.1122213229537,0,0
"2026-01-23 10:00:00","2026-01-23 11:00:00",Nederland,Solar,Hour,UTC,Providing,Current,4703024,4703024,0.19181124866009,0,0
"2026-01-23 11:00:00","2026-01-23 12:00:00",Nederland,Solar,Hour,UTC,Providing,Current,5627934,5627934,0.22953225672245,0,0
"2026-01-23 12:00:00","2026-01-23 13:00:00",Nederland,Solar,Hour,UTC,Providing,Current,4803647,4803647,0.19591325521469,0,0
"2026-01-23 13:00:00","2026-01-23 14:00:00",Nederland,Solar,Hour,UTC,Providing,Current,4396053,4396053,0.17928899824619,0,0
"2026-01-23 14:00:00","2026-01-23 15:00:00",Nederland,Solar,Hour,UTC,Providing,Current,2527336,2527336,0.10307455062866,0,0
"2026-01-23 15:00:00","2026-01-23 16:00:00",Nederland,Solar,Hour,UTC,Providing,Current,919063,919063,0.037482749670744,0,0
"2026-01-23 16:00:00","2026-01-23 17:00:00",Nederland,Solar,Hour,UTC,Providing,Current,31939,31939,0.0013025832595304,0,0
"2026-01-23 17:00:00","2026-01-23 18:00:00",Nederland,Solar,Hour,UTC,Providing,Current,0,0,0,0,0
"2026-01-23 18:00:00","2026-01-23 19:00:00",Nederland,Solar,Hour,UTC,Providing,Current,0,0,0,0,0
"2026-01-23 19:00:00","2026-01-23 20:00:00",Nederland,Solar,Hour,UTC,Providing,Current,0,0,0,0,0
"2026-01-23 20:00:00","2026-01-23 21:00:00",Nederland,Solar,Hour,UTC,Providing,Current,0,0,0,0,0
"2026-01-23 21:00:00","2026-01-23 22:00:00",Nederland,Solar,Hour,UTC,Providing,Current,0,0,0,0,0
"2026-01-23 22:00:00","2026-01-23 23:00:00",Nederland,Solar,Hour,UTC,Providing,Current,0,0,0,0,0
"2026-01-23 23:00:00","2026-01-24 00:00:00",Nederland,Solar,Hour,UTC,Providing,Current,0,0,0,0,0
"2026-01-24 00:00:00","2026-01-24 01:00:00",Nederland,Solar,Hour,UTC,Providing,Current,0,0,0,0,0
"2026-01-24 01:00:00","2026-01-24 02:00:00",Nederland,Solar,Hour,UTC,Providing,Current,0,0,0,0,0
"2026-01-24 02:00:00","2026-01-24 03:00:00",Nederland,Solar,Hour,UTC,Providing,Current,0,0,0,0,0
"2026-01-24 03:00:00","2026-01-24 04:00:00",Nederland,Solar,Hour,UTC,Providing,Current,0,0,0,0,0
"2026-01-24 04:00:00","2026-01-24 05:00:00",Nederland,Solar,Hour,UTC,Providing,Current,0,0,0,0,0
"2026-01-24 05:00:00","2026-01-24 06:00:00",Nederland,Solar,Hour,UTC,Providing,Current,0,0,0,0,0
"2026-01-24 06:00:00","2026-01-24 07:00:00",Nederland,Solar,Hour,UTC,Providing,Current,0,0,0,0,0
"2026-01-24 07:00:00","2026-01-24 08:00:00",Nederland,Solar,Hour,UTC,Providing,Current,0,0,0,0,0
"2026-01-24 08:00:00","2026-01-24 09:00:00",Nederland,Solar,Hour,UTC,Providing,Current,680112,680112,0.027735032141209,0,0
"2026-01-24 09:00:00","2026-01-24 10:00:00",Nederland,Solar,Hour,UTC,Providing,Current,3315567,3315567,0.13520835340023,0,0
"2026-01-24 10:00:00","2026-01-24 11:00:00",Nederland,Solar,Hour,UTC,Providing,Current,5981431,5981431,0.24392099678516,0,0
"2026-01-24 11:00:00","2026-01-24 12:00:00",Nederland,Solar,Hour,UTC,Providing,Current,7602986,7602986,0.31004598736763,0,0
"2026-01-24 12:00:00","2026-01-24 13:00:00",Nederland,Solar,Hour,UTC,Providing,Current,8556991,8556991,0.34894824028015,0,0
"2026-01-24 13:00:00","2026-01-24 14:00:00",Nederland,Solar,Hour,UTC,Providing,Current,7735924,7735924,0.31546398997307,0,0
"2026-01-24 14:00:00","2026-01-24 15:00:00",Nederland,Solar,Hour,UTC,Providing,Current,4816906,4816906,0.19642825424671,0,0
"2026-01-24 15:00:00","2026-01-24 16:00:00",Nederland,Solar,Hour,UTC,Providing,Current,1774937,1774937,0.07237970083952,0,0
"2026-01-24 16:00:00","2026-01-24 17:00:00",Nederland,Solar,Hour,UTC,Providing,Current,35384,35384,0.0014429081929848,0,0
"2026-01-24 17:00:00","2026-01-24 18:00:00",Nederland,Solar,Hour,UTC,Providing,Current,0,0,0,0,0
"2026-01-24 18:00:00","2026-01-24 19:00:00",Nederland,Solar,Hour,UTC,Providing,Current,0,0,0,0,0
"2026-01-24 19:00:00","2026-01-24 20:00:00",Nederland,Solar,Hour,UTC,Providing,Current,0,0,0,0,0
"2026-01-24 20:00:00","2026-01-24 21:00:00",Nederland,Solar,Hour,UTC,Providing,Current,0,0,0,0,0
"2026-01-24 21:00:00","2026-01-24 22:00:00",Nederland,Solar,Hour,UTC,Providing,Current,0,0,0,0,0
"2026-01-24 22:00:00","2026-01-24 23:00:00",Nederland,Solar,Hour,UTC,Providing,Current,0,0,0,0,0
"2026-01-24 23:00:00","2026-01-25 00:00:00",Nederland,Solar,Hour,UTC,Providing,Current,0,0,0,0,0
"2026-01-25 00:00:00","2026-01-25 01:00:00",Nederland,Solar,Hour,UTC,Providing,Current,0,0,0,0,0
"2026-01-25 01:00:00","2026-01-25 02:00:00",Nederland,Solar,Hour,UTC,Providing,Current,0,0,0,0,0
"2026-01-25 02:00:00","2026-01-25 03:00:00",Nederland,Solar,Hour,UTC,Providing,Current,0,0,0,0,0
"2026-01-25 03:00:00","2026-01-25 04:00:00",Nederland,Solar,Hour,UTC,Providing,Current,0,0,0,0,0
"2026-01-25 04:00:00","2026-01-25 05:00:00",Nederland,Solar,Hour,UTC,Providing,Current,0,0,0,0,0
"2026-01-25 05:00:00","2026-01-25 06:00:00",Nederland,Solar,Hour,UTC,Providing,Current,0,0,0,0,0
"2026-01-25 06:00:00","2026-01-25 07:00:00",Nederland,Solar,Hour,UTC,Providing,Current,0,0,0,0,0
"2026-01-25 07:00:00","2026-01-25 08:00:00",Nederland,Solar,Hour,UTC,Providing,Current,0,0,0,0,0
"2026-01-25 08:00:00","2026-01-25 09:00:00",Nederland,Solar,Hour,UTC,Providing,Current,506963,506963,0.020671477541327,0,0
"2026-01-25 09:00:00","2026-01-25 10:00:00",Nederland,Solar,Hour,UTC,Providing,Current,2380261,2380261,0.097054950892925,0,0
"2026-01-25 10:00:00","2026-01-25 11:00:00",Nederland,Solar,Hour,UTC,Providing,Current,4201155,4201155,0.17130075395107,0,0
"2026-01-25 11:00:00","2026-01-25 12:00:00",Nederland,Solar,Hour,UTC,Providing,Current,5771133,5771133,0.23531524837017,0,0
"2026-01-25 12:00:00","2026-01-25 13:00:00",Nederland,Solar,Hour,UTC,Providing,Current,5746195,5746195,0.23429700732231,0,0
"2026-01-25 13:00:00","2026-01-25 14:00:00",Nederland,Solar,Hour,UTC,Providing,Current,4689871,4689871,0.19122549891472,0,0
"2026-01-25 14:00:00","2026-01-25 15:00:00",Nederland,Solar,Hour,UTC,Providing,Current,3564564,3564564,0.14534124732018,0,0
"2026-01-25 15:00:00","2026-01-25 16:00:00",Nederland,Solar,Hour,UTC,Providing,Current,2108953,2108953,0.085989847779274,0,0
"2026-01-25 16:00:00","2026-01-25 17:00:00",Nederland,Solar,Hour,UTC,Providing,Current,64943,64943,0.0026479575317353,0,0
"2026-01-25 17:00:00","2026-01-25 18:00:00",Nederland,Solar,Hour,UTC,Providing,Current,0,0,0,0,0
"2026-01-25 18:00:00","2026-01-25 19:00:00",Nederland,Solar,Hour,UTC,Providing,Current,0,0,0,0,0
"2026-01-25 19:00:00","2026-01-25 20:00:00",Nederland,Solar,Hour,UTC,Providing,Current,0,0,0,0,0
"2026-01-25 20:00:00","2026-01-25 21:00:00",Nederland,Solar,Hour,UTC,Providing,Current,0,0,0,0,0
"2026-01-25 21:00:00","2026-01-25 22:00:00",Nederland,Solar,Hour,UTC,Providing,Current,0,0,0,0,0
"2026-01-25 22:00:00","2026-01-25 23:00:00",Nederland,Solar,Hour,UTC,Providing,Current,0,0,0,0,0
"2026-01-25 23:00:00","2026-01-26 00:00:00",Nederland,Solar,Hour,UTC,Providing,Current,0,0,0,0,0
"2026-01-26 00:00:00","2026-01-26 01:00:00",Nederland,Solar,Hour,UTC,Providing,Current,0,0,0,0,0
"2026-01-26 01:00:00","2026-01-26 02:00:00",Nederland,Solar,Hour,UTC,Providing,Current,0,0,0,0,0
"2026-01-26 02:00:00","2026-01-26 03:00:00",Nederland,Solar,Hour,UTC,Providing,Current,0,0,0,0,0
"2026-01-26 03:00:00","2026-01-26 04:00:00",Nederland,Solar,Hour,UTC,Providing,Current,0,0,0,0,0
"2026-01-26 04:00:00","2026-01-26 05:00:00",Nederland,Solar,Hour,UTC,Providing,Current,0,0,0,0,0
"2026-01-26 05:00:00","2026-01-26 06:00:00",Nederland,Solar,Hour,UTC,Providing,Current,0,0,0,0,0
"2026-01-26 06:00:00","2026-01-26 07:00:00",Nederland,Solar,Hour,UTC,Providing,Current,0,0,0,0,0
"2026-01-26 07:00:00","2026-01-26 08:00:00",Nederland,Solar,Hour,UTC,Providing,Current,0,0,0,0,0
"2026-01-26 08:00:00","2026-01-26 09:00:00",Nederland,Solar,Hour,UTC,Providing,Current,116127,116127,0.0047345259226859,0,0
"2026-01-26 09:00:00","2026-01-26 10:00:00",Nederland,Solar,Hour,UTC,Providing,Current,853997,853997,0.034817449748516,0,0
"2026-01-26 10:00:00","2026-01-26 11:00:00",Nederland,Solar,Hour,UTC,Providing,Current,1710502,1710502,0.069736823439598,0,0
"2026-01-26 11:00:00","2026-01-26 12:00:00",Nederland,Solar,Hour,UTC,Providing,Current,2141379,2141379,0.087303124368191,0,0
"2026-01-26 12:00:00","2026-01-26 13:00:00",Nederland,Solar,Hour,UTC,Providing,Current,2350946,2350946,0.095846623182297,0,0
"2026-01-26 13:00:00","2026-01-26 14:00:00",Nederland,Solar,Hour,UTC,Providing,Current,1781684,1781684,0.0726378262043,0,0
"2026-01-26 14:00:00","2026-01-26 15:00:00",Nederland,Solar,Hour,UTC,Providing,Current,1033582,1033582,0.042138073593378,0,0
"2026-01-26 15:00:00","2026-01-26 16:00:00",Nederland,Solar,Hour,UTC,Providing,Current,357134,357134,0.014559917151928,0,0
"2026-01-26 16:00:00","2026-01-26 17:00:00",Nederland,Solar,Hour,UTC,Providing,Current,767,767,3.1269548344426E-5,0,0
"2026-01-26 17:00:00","2026-01-26 18:00:00",Nederland,Solar,Hour,UTC,Providing,Current,0,0,0,0,0
"2026-01-26 18:00:00","2026-01-26 19:00:00",Nederland,Solar,Hour,UTC,Providing,Current,0,0,0,0,0
"2026-01-26 19:00:00","2026-01-26 20:00:00",Nederland,Solar,Hour,UTC,Providing,Current,0,0,0,0,0
"2026-01-26 20:00:00","2026-01-26 21:00:00",Nederland,Solar,Hour,UTC,Providing,Current,0,0,0,0,0
"2026-01-26 21:00:00","2026-01-26 22:00:00",Nederland,Solar,Hour,UTC,Providing,Current,0,0,0,0,0
"2026-01-26 22:00:00","2026-01-26 23:00:00",Nederland,Solar,Hour,UTC,Providing,Current,0,0,0,0,0
"2026-01-26 23:00:00","2026-01-27 00:00:00",Nederland,Solar,Hour,UTC,Providing,Current,0,0,0,0,0
"2026-01-27 00:00:00","2026-01-27 01:00:00",Nederland,Solar,Hour,UTC,Providing,Current,0,0,0,0,0
"2026-01-27 01:00:00","2026-01-27 02:00:00",Nederland,Solar,Hour,UTC,Providing,Current,0,0,0,0,0
"2026-01-27 02:00:00","2026-01-27 03:00:00",Nederland,Solar,Hour,UTC,Providing,Current,0,0,0,0,0
"2026-01-27 03:00:00","2026-01-27 04:00:00",Nederland,Solar,Hour,UTC,Providing,Current,0,0,0,0,0
"2026-01-27 04:00:00","2026-01-27 05:00:00",Nederland,Solar,Hour,UTC,Providing,Current,0,0,0,0,0
"2026-01-27 05:00:00","2026-01-27 06:00:00",Nederland,Solar,Hour,UTC,Providing,Current,0,0,0,0,0
"2026-01-27 06:00:00","2026-01-27 07:00:00",Nederland,Solar,Hour,UTC,Providing,Current,0,0,0,0,0
"2026-01-27 07:00:00","2026-01-27 08:00:00",Nederland,Solar,Hour,UTC,Providing,Current,378,378,1.5409299521707E-5,0,0
"2026-01-27 08:00:00","2026-01-27 09:00:00",Nederland,Solar,Hour,UTC,Providing,Current,348882,348882,0.01422224752605,0,0
"2026-01-27 09:00:00","2026-01-27 10:00:00",Nederland,Solar,Hour,UTC,Providing,Current,1250547,1250547,0.050978548824787,0,0
"2026-01-27 10:00:00","2026-01-27 11:00:00",Nederland,Solar,Hour,UTC,Providing,Current,1939277,1939277,0.079054273664951,0,0
"2026-01-27 11:00:00","2026-01-27 12:00:00",Nederland,Solar,Hour,UTC,Providing,Current,2779347,2779347,0.11329925060272,0,0
"2026-01-27 12:00:00","2026-01-27 13:00:00",Nederland,Solar,Hour,UTC,Providing,Current,3127806,3127806,0.12750299274921,0,0
"2026-01-27 13:00:00","2026-01-27 14:00:00",Nederland,Solar,Hour,UTC,Providing,Current,3150699,3150699,0.12843599915504,0,0
"2026-01-27 14:00:00","2026-01-27 15:00:00",Nederland,Solar,Hour,UTC,Providing,Current,1718894,1718894,0.070069022476673,0,0
"2026-01-27 15:00:00","2026-01-27 16:00:00",Nederland,Solar,Hour,UTC,Providing,Current,356640,356640,0.014538004994392,0,0
"2026-01-27 16:00:00","2026-01-27 17:00:00",Nederland,Solar,Hour,UTC,Providing,Current,0,0,0,0,0
"2026-01-27 17:00:00","2026-01-27 18:00:00",Nederland,Solar,Hour,UTC,Providing,Current,0,0,0,0,0
"2026-01-27 18:00:00","2026-01-27 19:00:00",Nederland,Solar,Hour,UTC,Providing,Current,0,0,0,0,0
"2026-01-27 19:00:00","2026-01-27 20:00:00",Nederland,Solar,Hour,UTC,Providing,Current,0,0,0,0,0
"2026-01-27 20:00:00","2026-01-27 21:00:00",Nederland,Solar,Hour,UTC,Providing,Current,0,0,0,0,0
"2026-01-27 21:00:00","2026-01-27 22:00:00",Nederland,Solar,Hour,UTC,Providing,Current,0,0,0,0,0
"2026-01-27 22:00:00","2026-01-27 23:00:00",Nederland,Solar,Hour,UTC,Providing,Current,0,0,0,0,0
"2026-01-27 23:00:00","2026-01-28 00:00:00",Nederland,Solar,Hour,UTC,Providing,Current,0,0,0,0,0
"2026-01-28 00:00:00","2026-01-28 01:00:00",Nederland,Solar,Hour,UTC,Providing,Current,0,0,0,0,0
"2026-01-28 01:00:00","2026-01-28 02:00:00",Nederland,Solar,Hour,UTC,Providing,Current,0,0,0,0,0
"2026-01-28 02:00:00","2026-01-28 03:00:00",Nederland,Solar,Hour,UTC,Providing,Current,0,0,0,0,0
"2026-01-28 03:00:00","2026-01-28 04:00:00",Nederland,Solar,Hour,UTC,Providing,Current,0,0,0,0,0
"2026-01-28 04:00:00","2026-01-28 05:00:00",Nederland,Solar,Hour,UTC,Providing,Current,0,0,0,0,0
"2026-01-28 05:00:00","2026-01-28 06:00:00",Nederland,Solar,Hour,UTC,Providing,Current,0,0,0,0,0
"2026-01-28 06:00:00","2026-01-28 07:00:00",Nederland,Solar,Hour,UTC,Providing,Current,0,0,0,0,0
"2026-01-28 07:00:00","2026-01-28 08:00:00",Nederland,Solar,Hour,UTC,Providing,Current,0,0,0,0,0
"2026-01-28 08:00:00","2026-01-28 09:00:00",Nederland,Solar,Hour,UTC,Providing,Current,224666,224666,0.0091574406251311,0,0
"2026-01-28 09:00:00","2026-01-28 10:00:00",Nederland,Solar,Hour,UTC,Providing,Current,900915,900915,0.036721348762512,0,0
"2026-01-28 10:00:00","2026-01-28 11:00:00",Nederland,Solar,Hour,UTC,Providing,Current,1467058,1467058,0.059797126799822,0,0
"2026-01-28 11:00:00","2026-01-28 12:00:00",Nederland,Solar,Hour,UTC,Providing,Current,1712846,1712846,0.069815047085285,0,0
"2026-01-28 12:00:00","2026-01-28 13:00:00",Nederland,Solar,Hour,UTC,Providing,Current,1776433,1776433,0.072406448423862,0,0
"2026-01-28 13:00:00","2026-01-28 14:00:00",Nederland,Solar,Hour,UTC,Providing,Current,1469869,1469869,0.059910800307989,0,0
"2026-01-28 14:00:00","2026-01-28 15:00:00",Nederland,Solar,Hour,UTC,Providing,Current,986683,986683,0.04021630063653,0,0
"2026-01-28 15:00:00","2026-01-28 16:00:00",Nederland,Solar,Hour,UTC,Providing,Current,344955,344955,0.014059989713132,0,0
"2026-01-28 16:00:00","2026-01-28 17:00:00",Nederland,Solar,Hour,UTC,Providing,Current,5933,5933,0.00024182135530282,0,0
"2026-01-28 17:00:00","2026-01-28 18:00:00",Nederland,Solar,Hour,UTC,Providing,Current,0,0,0,0,0
"2026-01-28 18:00:00","2026-01-28 19:00:00",Nederland,Solar,Hour,UTC,Providing,Current,0,0,0,0,0
"2026-01-28 19:00:00","2026-01-28 20:00:00",Nederland,Solar,Hour,UTC,Providing,Current,0,0,0,0,0
"2026-01-28 20:00:00","2026-01-28 21:00:00",Nederland,Solar,Hour,UTC,Providing,Current,0,0,0,0,0
"2026-01-28 21:00:00","2026-01-28 22:00:00",Nederland,Solar,Hour,UTC,Providing,Current,0,0,0,0,0
"2026-01-28 22:00:00","2026-01-28 23:00:00",Nederland,Solar,Hour,UTC,Providing,Current,0,0,0,0,0
